NodeName,Port,QueueIndex,PkgName,QueueTime
host0,0,0,pk-host0-to-host1-#1,+1.2e+07ns
host1,2,0,pk-host1-to-host2-#3,+1.2e+07ns
host2,3,0,pk-host2-to-host1-#5,+1.2e+07ns
host3,1,0,pk-host3-to-host1-#7,+1.2e+07ns
host4,0,0,pk-host4-to-host1-#9,+1.2e+07ns
host0,0,0,pk-host0-to-host1-#10,+1.4e+07ns
host1,2,0,pk-host1-to-host2-#12,+1.4e+07ns
host2,3,0,pk-host2-to-host1-#14,+1.4e+07ns
host3,1,0,pk-host3-to-host1-#16,+1.4e+07ns
host4,0,0,pk-host4-to-host1-#18,+1.4e+07ns
host0,0,0,pk-host0-to-host1-#11,+2.6e+07ns
host1,2,0,pk-host1-to-host2-#13,+2.6e+07ns
host2,3,0,pk-host2-to-host1-#15,+2.6e+07ns
host3,1,0,pk-host3-to-host1-#17,+2.6e+07ns
host4,0,0,pk-host4-to-host1-#19,+2.6e+07ns
host0,0,0,pk-host0-to-host1-#20,+2.8e+07ns
host1,2,0,pk-host1-to-host2-#22,+2.8e+07ns
host2,3,0,pk-host2-to-host1-#24,+2.8e+07ns
host3,1,0,pk-host4-to-host1-#8,+3.53562e+07ns
host4,0,0,pk-host4-to-host1-#28,+2.8e+07ns
host0,0,0,pk-host0-to-host1-#21,+4e+07ns
host1,2,0,pk-host1-to-host2-#23,+4e+07ns
host2,3,0,pk-host2-to-host1-#25,+4e+07ns
host3,1,0,pk-host3-to-host1-#26,+4e+07ns
host4,0,0,pk-host4-to-host1-#29,+4e+07ns
host0,0,0,pk-host0-to-host1-#30,+4.2e+07ns
host1,2,0,pk-host1-to-host2-#32,+4.2e+07ns
host2,3,0,pk-host2-to-host1-#34,+4.2e+07ns
host3,1,0,pk-host3-to-host1-#27,+5.2e+07ns
host4,0,0,pk-host4-to-host1-#38,+4.2e+07ns
host0,0,0,pk-host0-to-host1-#31,+5.4e+07ns
host1,2,0,pk-host1-to-host2-#33,+5.4e+07ns
host2,3,0,pk-host2-to-host1-#35,+5.4e+07ns
host3,1,0,pk-host4-to-host1-#9,+5.93562e+07ns
host4,0,0,pk-host4-to-host1-#39,+5.4e+07ns
host0,0,0,pk-host0-to-host1-#40,+5.6e+07ns
host1,2,0,pk-host1-to-host2-#42,+5.6e+07ns
host2,3,0,pk-host2-to-host1-#44,+5.6e+07ns
host3,1,0,pk-host3-to-host1-#36,+6.6e+07ns
host4,0,0,pk-host4-to-host1-#48,+5.6e+07ns
host0,0,0,pk-host0-to-host1-#41,+6.8e+07ns
host1,2,0,pk-host1-to-host2-#43,+6.8e+07ns
host2,3,0,pk-host2-to-host1-#45,+6.8e+07ns
host3,1,0,pk-host3-to-host1-#37,+7.8e+07ns
host4,0,0,pk-host4-to-host1-#49,+6.8e+07ns
host0,0,0,pk-host0-to-host1-#50,+7e+07ns
host1,2,0,pk-host1-to-host2-#52,+7e+07ns
host2,3,0,pk-host2-to-host1-#54,+7e+07ns
host3,1,0,pk-host4-to-host1-#18,+8.33562e+07ns
host4,0,0,pk-host4-to-host1-#58,+7e+07ns
host0,0,0,pk-host0-to-host1-#51,+8.2e+07ns
host1,2,0,pk-host1-to-host2-#53,+8.2e+07ns
host2,3,0,pk-host2-to-host1-#55,+8.2e+07ns
host3,1,0,pk-host3-to-host1-#46,+9.2e+07ns
host4,0,0,pk-host4-to-host1-#59,+8.2e+07ns
host0,0,0,pk-host0-to-host1-#60,+8.4e+07ns
host1,2,0,pk-host1-to-host2-#62,+8.4e+07ns
host2,3,0,pk-host2-to-host1-#64,+8.4e+07ns
host3,1,0,pk-host3-to-host1-#47,+1.04e+08ns
host4,0,0,pk-host4-to-host1-#68,+8.4e+07ns
host0,0,0,pk-host0-to-host1-#61,+9.6e+07ns
host1,2,0,pk-host1-to-host2-#63,+9.6e+07ns
host2,3,0,pk-host2-to-host1-#65,+9.6e+07ns
host3,1,0,pk-host4-to-host1-#19,+1.07356e+08ns
host4,0,0,pk-host4-to-host1-#69,+9.6e+07ns
host0,0,0,pk-host0-to-host1-#70,+9.8e+07ns
host1,2,0,pk-host1-to-host2-#72,+9.8e+07ns
host2,3,0,pk-host2-to-host1-#74,+9.8e+07ns
host3,1,0,pk-host3-to-host1-#56,+1.18e+08ns
host4,0,0,pk-host4-to-host1-#78,+9.8e+07ns
host0,0,0,pk-host0-to-host1-#71,+1.1e+08ns
host1,2,0,pk-host1-to-host2-#73,+1.1e+08ns
host2,3,0,pk-host2-to-host1-#75,+1.1e+08ns
host3,1,0,pk-host3-to-host1-#57,+1.3e+08ns
host4,0,0,pk-host4-to-host1-#79,+1.1e+08ns
host0,0,0,pk-host0-to-host1-#80,+1.12e+08ns
host1,2,0,pk-host1-to-host2-#82,+1.12e+08ns
host2,3,0,pk-host2-to-host1-#84,+1.12e+08ns
host3,1,0,pk-host3-to-host1-#66,+1.32e+08ns
host4,0,0,pk-host4-to-host1-#88,+1.12e+08ns
host0,0,0,pk-host0-to-host1-#81,+1.24e+08ns
host1,2,0,pk-host1-to-host2-#83,+1.24e+08ns
host2,3,0,pk-host2-to-host1-#85,+1.24e+08ns
host3,1,0,pk-host3-to-host1-#67,+1.44e+08ns
host4,0,0,pk-host4-to-host1-#89,+1.24e+08ns
host0,0,0,pk-host0-to-host1-#90,+1.26e+08ns
host1,2,0,pk-host1-to-host2-#92,+1.26e+08ns
host2,3,0,pk-host2-to-host1-#94,+1.26e+08ns
host3,1,0,pk-host4-to-host1-#28,+1.55356e+08ns
host4,0,0,pk-host4-to-host1-#98,+1.26e+08ns
host0,0,0,pk-host0-to-host1-#91,+1.38e+08ns
host1,2,0,pk-host1-to-host2-#93,+1.38e+08ns
host2,3,0,pk-host2-to-host1-#95,+1.38e+08ns
host3,1,0,pk-host3-to-host1-#76,+1.58e+08ns
host4,0,0,pk-host4-to-host1-#99,+1.38e+08ns
host0,0,0,pk-host0-to-host1-#100,+1.4e+08ns
host1,2,0,pk-host1-to-host2-#102,+1.4e+08ns
host2,3,0,pk-host2-to-host1-#104,+1.4e+08ns
host3,1,0,pk-host3-to-host1-#77,+1.7e+08ns
host4,0,0,pk-host4-to-host1-#108,+1.4e+08ns
host0,0,0,pk-host0-to-host1-#101,+1.52e+08ns
host1,2,0,pk-host1-to-host2-#103,+1.52e+08ns
host2,3,0,pk-host2-to-host1-#105,+1.52e+08ns
host3,1,0,pk-host4-to-host1-#29,+1.79356e+08ns
host4,0,0,pk-host4-to-host1-#109,+1.52e+08ns
host0,0,0,pk-host0-to-host1-#110,+1.54e+08ns
host1,2,0,pk-host1-to-host2-#112,+1.54e+08ns
host2,3,0,pk-host2-to-host1-#114,+1.54e+08ns
host3,1,0,pk-host3-to-host1-#86,+1.84e+08ns
host4,0,0,pk-host4-to-host1-#118,+1.54e+08ns
host0,0,0,pk-host0-to-host1-#111,+1.66e+08ns
host1,2,0,pk-host1-to-host2-#113,+1.66e+08ns
host2,3,0,pk-host2-to-host1-#115,+1.66e+08ns
host3,1,0,pk-host3-to-host1-#87,+1.96e+08ns
host4,0,0,pk-host4-to-host1-#119,+1.66e+08ns
host0,0,0,pk-host0-to-host1-#120,+1.68e+08ns
host1,2,0,pk-host1-to-host2-#122,+1.68e+08ns
host2,3,0,pk-host2-to-host1-#124,+1.68e+08ns
host3,1,0,pk-host4-to-host1-#38,+2.03356e+08ns
host4,0,0,pk-host4-to-host1-#128,+1.68e+08ns
host0,0,0,pk-host0-to-host1-#121,+1.8e+08ns
host1,2,0,pk-host1-to-host2-#123,+1.8e+08ns
host2,3,0,pk-host2-to-host1-#125,+1.8e+08ns
host3,1,0,pk-host3-to-host1-#96,+2.1e+08ns
host4,0,0,pk-host4-to-host1-#129,+1.8e+08ns
host0,0,0,pk-host0-to-host1-#130,+1.82e+08ns
host1,2,0,pk-host1-to-host2-#132,+1.82e+08ns
host2,3,0,pk-host2-to-host1-#134,+1.82e+08ns
host3,1,0,pk-host3-to-host1-#97,+2.22e+08ns
host4,0,0,pk-host4-to-host1-#138,+1.82e+08ns
host0,0,0,pk-host0-to-host1-#131,+1.94e+08ns
host1,2,0,pk-host1-to-host2-#133,+1.94e+08ns
host2,3,0,pk-host2-to-host1-#135,+1.94e+08ns
host3,1,0,pk-host4-to-host1-#39,+2.27356e+08ns
host4,0,0,pk-host4-to-host1-#139,+1.94e+08ns
host0,0,0,pk-host0-to-host1-#140,+1.96e+08ns
host1,2,0,pk-host1-to-host2-#142,+1.96e+08ns
host2,3,0,pk-host2-to-host1-#144,+1.96e+08ns
host3,1,0,pk-host3-to-host1-#106,+2.36e+08ns
host4,0,0,pk-host4-to-host1-#148,+1.96e+08ns
host0,0,0,pk-host0-to-host1-#141,+2.08e+08ns
host1,2,0,pk-host1-to-host2-#143,+2.08e+08ns
host2,3,0,pk-host2-to-host1-#145,+2.08e+08ns
host3,1,0,pk-host3-to-host1-#107,+2.48e+08ns
host4,0,0,pk-host4-to-host1-#149,+2.08e+08ns
host0,0,0,pk-host0-to-host1-#150,+2.1e+08ns
host1,2,0,pk-host1-to-host2-#152,+2.1e+08ns
host2,3,0,pk-host2-to-host1-#154,+2.1e+08ns
host3,1,0,pk-host4-to-host1-#48,+2.51356e+08ns
host4,0,0,pk-host4-to-host1-#158,+2.1e+08ns
host0,0,0,pk-host0-to-host1-#151,+2.22e+08ns
host1,2,0,pk-host1-to-host2-#153,+2.22e+08ns
host2,3,0,pk-host2-to-host1-#155,+2.22e+08ns
host3,1,0,pk-host3-to-host1-#116,+2.62e+08ns
host4,0,0,pk-host4-to-host1-#159,+2.22e+08ns
host0,0,0,pk-host0-to-host1-#160,+2.24e+08ns
host1,2,0,pk-host1-to-host2-#162,+2.24e+08ns
host2,3,0,pk-host2-to-host1-#164,+2.24e+08ns
host3,1,0,pk-host3-to-host1-#117,+2.74e+08ns
host4,0,0,pk-host4-to-host1-#168,+2.24e+08ns
host0,0,0,pk-host0-to-host1-#161,+2.36e+08ns
host1,2,0,pk-host1-to-host2-#163,+2.36e+08ns
host2,3,0,pk-host2-to-host1-#165,+2.36e+08ns
host3,1,0,pk-host3-to-host1-#126,+2.76e+08ns
host4,0,0,pk-host4-to-host1-#169,+2.36e+08ns
host0,0,0,pk-host0-to-host1-#170,+2.38e+08ns
host1,2,0,pk-host1-to-host2-#172,+2.38e+08ns
host2,3,0,pk-host2-to-host1-#174,+2.38e+08ns
host3,1,0,pk-host3-to-host1-#127,+2.88e+08ns
host4,0,0,pk-host4-to-host1-#178,+2.38e+08ns
host0,0,0,pk-host0-to-host1-#171,+2.5e+08ns
host1,2,0,pk-host1-to-host2-#173,+2.5e+08ns
host2,3,0,pk-host2-to-host1-#175,+2.5e+08ns
host3,1,0,pk-host4-to-host1-#49,+2.99356e+08ns
host4,0,0,pk-host4-to-host1-#179,+2.5e+08ns
host0,0,0,pk-host0-to-host1-#180,+2.52e+08ns
host1,2,0,pk-host1-to-host2-#182,+2.52e+08ns
host2,3,0,pk-host2-to-host1-#184,+2.52e+08ns
host3,1,0,pk-host3-to-host1-#136,+3.02e+08ns
host4,0,0,pk-host4-to-host1-#188,+2.52e+08ns
host0,0,0,pk-host0-to-host1-#181,+2.64e+08ns
host1,2,0,pk-host1-to-host2-#183,+2.64e+08ns
host2,3,0,pk-host2-to-host1-#185,+2.64e+08ns
host3,1,0,pk-host3-to-host1-#137,+3.14e+08ns
host4,0,0,pk-host4-to-host1-#189,+2.64e+08ns
host0,0,0,pk-host0-to-host1-#190,+2.66e+08ns
host1,2,0,pk-host1-to-host2-#192,+2.66e+08ns
host2,3,0,pk-host2-to-host1-#194,+2.66e+08ns
host3,1,0,pk-host4-to-host1-#58,+3.23356e+08ns
host4,0,0,pk-host4-to-host1-#198,+2.66e+08ns
host0,0,0,pk-host0-to-host1-#191,+2.78e+08ns
host1,2,0,pk-host1-to-host2-#193,+2.78e+08ns
host2,3,0,pk-host2-to-host1-#195,+2.78e+08ns
host3,1,0,pk-host3-to-host1-#146,+3.28e+08ns
host4,0,0,pk-host4-to-host1-#199,+2.78e+08ns
host0,0,0,pk-host0-to-host1-#200,+2.8e+08ns
host1,2,0,pk-host1-to-host2-#202,+2.8e+08ns
host2,3,0,pk-host2-to-host1-#204,+2.8e+08ns
host3,1,0,pk-host3-to-host1-#147,+3.4e+08ns
host4,0,0,pk-host4-to-host1-#208,+2.8e+08ns
host0,0,0,pk-host0-to-host1-#201,+2.92e+08ns
host1,2,0,pk-host1-to-host2-#203,+2.92e+08ns
host2,3,0,pk-host2-to-host1-#205,+2.92e+08ns
host3,1,0,pk-host4-to-host1-#59,+3.47356e+08ns
host4,0,0,pk-host4-to-host1-#209,+2.92e+08ns
host0,0,0,pk-host0-to-host1-#210,+2.94e+08ns
host1,2,0,pk-host1-to-host2-#212,+2.94e+08ns
host2,3,0,pk-host2-to-host1-#214,+2.94e+08ns
host3,1,0,pk-host3-to-host1-#156,+3.54e+08ns
host4,0,0,pk-host4-to-host1-#218,+2.94e+08ns
host0,0,0,pk-host0-to-host1-#211,+3.06e+08ns
host1,2,0,pk-host1-to-host2-#213,+3.06e+08ns
host2,3,0,pk-host2-to-host1-#215,+3.06e+08ns
host3,1,0,pk-host3-to-host1-#157,+3.66e+08ns
host4,0,0,pk-host4-to-host1-#219,+3.06e+08ns
host0,0,0,pk-host0-to-host1-#220,+3.08e+08ns
host1,2,0,pk-host1-to-host2-#222,+3.08e+08ns
host2,3,0,pk-host2-to-host1-#224,+3.08e+08ns
host3,1,0,pk-host4-to-host1-#68,+3.71356e+08ns
host4,0,0,pk-host4-to-host1-#228,+3.08e+08ns
host0,0,0,pk-host0-to-host1-#221,+3.2e+08ns
host1,2,0,pk-host1-to-host2-#223,+3.2e+08ns
host2,3,0,pk-host2-to-host1-#225,+3.2e+08ns
host3,1,0,pk-host3-to-host1-#166,+3.8e+08ns
host4,0,0,pk-host4-to-host1-#229,+3.2e+08ns
host0,0,0,pk-host0-to-host1-#230,+3.22e+08ns
host1,2,0,pk-host1-to-host2-#232,+3.22e+08ns
host2,3,0,pk-host2-to-host1-#234,+3.22e+08ns
host3,1,0,pk-host3-to-host1-#167,+3.92e+08ns
host4,0,0,pk-host4-to-host1-#238,+3.22e+08ns
host0,0,0,pk-host0-to-host1-#231,+3.34e+08ns
host1,2,0,pk-host1-to-host2-#233,+3.34e+08ns
host2,3,0,pk-host2-to-host1-#235,+3.34e+08ns
host3,1,0,pk-host4-to-host1-#69,+3.95356e+08ns
host4,0,0,pk-host4-to-host1-#239,+3.34e+08ns
host0,0,0,pk-host0-to-host1-#240,+3.36e+08ns
host1,2,0,pk-host1-to-host2-#242,+3.36e+08ns
host2,3,0,pk-host2-to-host1-#244,+3.36e+08ns
host3,1,0,pk-host3-to-host1-#176,+4.06e+08ns
host4,0,0,pk-host4-to-host1-#248,+3.36e+08ns
host0,0,0,pk-host0-to-host1-#241,+3.48e+08ns
host1,2,0,pk-host1-to-host2-#243,+3.48e+08ns
host2,3,0,pk-host2-to-host1-#245,+3.48e+08ns
host3,1,0,pk-host3-to-host1-#177,+4.18e+08ns
host4,0,0,pk-host4-to-host1-#249,+3.48e+08ns
host0,0,0,pk-host0-to-host1-#250,+3.5e+08ns
host1,2,0,pk-host1-to-host2-#252,+3.5e+08ns
host2,3,0,pk-host2-to-host1-#254,+3.5e+08ns
host3,1,0,pk-host3-to-host1-#186,+4.2e+08ns
host4,0,0,pk-host4-to-host1-#258,+3.5e+08ns
host0,0,0,pk-host0-to-host1-#251,+3.62e+08ns
host1,2,0,pk-host1-to-host2-#253,+3.62e+08ns
host2,3,0,pk-host2-to-host1-#255,+3.62e+08ns
host3,1,0,pk-host3-to-host1-#187,+4.32e+08ns
host4,0,0,pk-host4-to-host1-#259,+3.62e+08ns
host0,0,0,pk-host0-to-host1-#260,+3.64e+08ns
host1,2,0,pk-host1-to-host2-#262,+3.64e+08ns
host2,3,0,pk-host2-to-host1-#264,+3.64e+08ns
host3,1,0,pk-host4-to-host1-#78,+4.43356e+08ns
host4,0,0,pk-host4-to-host1-#268,+3.64e+08ns
host0,0,0,pk-host0-to-host1-#261,+3.76e+08ns
host1,2,0,pk-host1-to-host2-#263,+3.76e+08ns
host2,3,0,pk-host2-to-host1-#265,+3.76e+08ns
host3,1,0,pk-host3-to-host1-#196,+4.46e+08ns
host4,0,0,pk-host4-to-host1-#269,+3.76e+08ns
host0,0,0,pk-host0-to-host1-#270,+3.78e+08ns
host1,2,0,pk-host1-to-host2-#272,+3.78e+08ns
host2,3,0,pk-host2-to-host1-#274,+3.78e+08ns
host3,1,0,pk-host3-to-host1-#197,+4.58e+08ns
host4,0,0,pk-host4-to-host1-#278,+3.78e+08ns
host0,0,0,pk-host0-to-host1-#271,+3.9e+08ns
host1,2,0,pk-host1-to-host2-#273,+3.9e+08ns
host2,3,0,pk-host2-to-host1-#275,+3.9e+08ns
host3,1,0,pk-host4-to-host1-#79,+4.67356e+08ns
host4,0,0,pk-host4-to-host1-#279,+3.9e+08ns
host0,0,0,pk-host0-to-host1-#280,+3.92e+08ns
host1,2,0,pk-host1-to-host2-#282,+3.92e+08ns
host2,3,0,pk-host2-to-host1-#284,+3.92e+08ns
host3,1,0,pk-host3-to-host1-#206,+4.72e+08ns
host4,0,0,pk-host4-to-host1-#288,+3.92e+08ns
host0,0,0,pk-host0-to-host1-#281,+4.04e+08ns
host1,2,0,pk-host1-to-host2-#283,+4.04e+08ns
host2,3,0,pk-host2-to-host1-#285,+4.04e+08ns
host3,1,0,pk-host3-to-host1-#207,+4.84e+08ns
host4,0,0,pk-host4-to-host1-#289,+4.04e+08ns
host0,0,0,pk-host0-to-host1-#290,+4.06e+08ns
host1,2,0,pk-host1-to-host2-#292,+4.06e+08ns
host2,3,0,pk-host2-to-host1-#294,+4.06e+08ns
host3,1,0,pk-host4-to-host1-#88,+4.91356e+08ns
host4,0,0,pk-host4-to-host1-#298,+4.06e+08ns
host0,0,0,pk-host0-to-host1-#291,+4.18e+08ns
host1,2,0,pk-host1-to-host2-#293,+4.18e+08ns
host2,3,0,pk-host2-to-host1-#295,+4.18e+08ns
host3,1,0,pk-host3-to-host1-#216,+4.98e+08ns
host4,0,0,pk-host4-to-host1-#299,+4.18e+08ns
host0,0,0,pk-host0-to-host1-#300,+4.2e+08ns
host1,2,0,pk-host1-to-host2-#302,+4.2e+08ns
host2,3,0,pk-host2-to-host1-#304,+4.2e+08ns
host3,1,0,pk-host3-to-host1-#217,+5.1e+08ns
host4,0,0,pk-host4-to-host1-#308,+4.2e+08ns
host0,0,0,pk-host0-to-host1-#301,+4.32e+08ns
host1,2,0,pk-host1-to-host2-#303,+4.32e+08ns
host2,3,0,pk-host2-to-host1-#305,+4.32e+08ns
host3,1,0,pk-host4-to-host1-#89,+5.15356e+08ns
host4,0,0,pk-host4-to-host1-#309,+4.32e+08ns
host0,0,0,pk-host0-to-host1-#310,+4.34e+08ns
host1,2,0,pk-host1-to-host2-#312,+4.34e+08ns
host2,3,0,pk-host2-to-host1-#314,+4.34e+08ns
host3,1,0,pk-host3-to-host1-#226,+5.24e+08ns
host4,0,0,pk-host4-to-host1-#318,+4.34e+08ns
host0,0,0,pk-host0-to-host1-#311,+4.46e+08ns
host1,2,0,pk-host1-to-host2-#313,+4.46e+08ns
host2,3,0,pk-host2-to-host1-#315,+4.46e+08ns
host3,1,0,pk-host3-to-host1-#227,+5.36e+08ns
host4,0,0,pk-host4-to-host1-#319,+4.46e+08ns
host0,0,0,pk-host0-to-host1-#320,+4.48e+08ns
host1,2,0,pk-host1-to-host2-#322,+4.48e+08ns
host2,3,0,pk-host2-to-host1-#324,+4.48e+08ns
host3,1,0,pk-host4-to-host1-#98,+5.39356e+08ns
host4,0,0,pk-host4-to-host1-#328,+4.48e+08ns
host0,0,0,pk-host0-to-host1-#321,+4.6e+08ns
host1,2,0,pk-host1-to-host2-#323,+4.6e+08ns
host2,3,0,pk-host2-to-host1-#325,+4.6e+08ns
host3,1,0,pk-host3-to-host1-#236,+5.5e+08ns
host4,0,0,pk-host4-to-host1-#329,+4.6e+08ns
host0,0,0,pk-host0-to-host1-#330,+4.62e+08ns
host1,2,0,pk-host1-to-host2-#332,+4.62e+08ns
host2,3,0,pk-host2-to-host1-#334,+4.62e+08ns
host3,1,0,pk-host3-to-host1-#237,+5.62e+08ns
host4,0,0,pk-host4-to-host1-#338,+4.62e+08ns
host0,0,0,pk-host0-to-host1-#331,+4.74e+08ns
host1,2,0,pk-host1-to-host2-#333,+4.74e+08ns
host2,3,0,pk-host2-to-host1-#335,+4.74e+08ns
host3,1,0,pk-host3-to-host1-#246,+5.64e+08ns
host4,0,0,pk-host4-to-host1-#339,+4.74e+08ns
host0,0,0,pk-host0-to-host1-#340,+4.76e+08ns
host1,2,0,pk-host1-to-host2-#342,+4.76e+08ns
host2,3,0,pk-host2-to-host1-#344,+4.76e+08ns
host3,1,0,pk-host3-to-host1-#247,+5.76e+08ns
host4,0,0,pk-host4-to-host1-#348,+4.76e+08ns
host0,0,0,pk-host0-to-host1-#341,+4.88e+08ns
host1,2,0,pk-host1-to-host2-#343,+4.88e+08ns
host2,3,0,pk-host2-to-host1-#345,+4.88e+08ns
host3,1,0,pk-host4-to-host1-#99,+5.87356e+08ns
host4,0,0,pk-host4-to-host1-#349,+4.88e+08ns
host0,0,0,pk-host0-to-host1-#350,+4.9e+08ns
host1,2,0,pk-host1-to-host2-#352,+4.9e+08ns
host2,3,0,pk-host2-to-host1-#354,+4.9e+08ns
host3,1,0,pk-host3-to-host1-#256,+5.9e+08ns
host4,0,0,pk-host4-to-host1-#358,+4.9e+08ns
host0,0,0,pk-host0-to-host1-#351,+5.02e+08ns
host1,2,0,pk-host1-to-host2-#353,+5.02e+08ns
host2,3,0,pk-host2-to-host1-#355,+5.02e+08ns
host3,1,0,pk-host3-to-host1-#257,+6.02e+08ns
host4,0,0,pk-host4-to-host1-#359,+5.02e+08ns
host0,0,0,pk-host0-to-host1-#360,+5.04e+08ns
host1,2,0,pk-host1-to-host2-#362,+5.04e+08ns
host2,3,0,pk-host2-to-host1-#364,+5.04e+08ns
host3,1,0,pk-host4-to-host1-#108,+6.11356e+08ns
host4,0,0,pk-host4-to-host1-#368,+5.04e+08ns
host0,0,0,pk-host0-to-host1-#361,+5.16e+08ns
host1,2,0,pk-host1-to-host2-#363,+5.16e+08ns
host2,3,0,pk-host2-to-host1-#365,+5.16e+08ns
host3,1,0,pk-host3-to-host1-#266,+6.16e+08ns
host4,0,0,pk-host4-to-host1-#369,+5.16e+08ns
host0,0,0,pk-host0-to-host1-#370,+5.18e+08ns
host1,2,0,pk-host1-to-host2-#372,+5.18e+08ns
host2,3,0,pk-host2-to-host1-#374,+5.18e+08ns
host3,1,0,pk-host3-to-host1-#267,+6.28e+08ns
host4,0,0,pk-host4-to-host1-#378,+5.18e+08ns
host0,0,0,pk-host0-to-host1-#371,+5.3e+08ns
host1,2,0,pk-host1-to-host2-#373,+5.3e+08ns
host2,3,0,pk-host2-to-host1-#375,+5.3e+08ns
host3,1,0,pk-host4-to-host1-#109,+6.35356e+08ns
host4,0,0,pk-host4-to-host1-#379,+5.3e+08ns
host0,0,0,pk-host0-to-host1-#380,+5.32e+08ns
host1,2,0,pk-host1-to-host2-#382,+5.32e+08ns
host2,3,0,pk-host2-to-host1-#384,+5.32e+08ns
host3,1,0,pk-host3-to-host1-#276,+6.42e+08ns
host4,0,0,pk-host4-to-host1-#388,+5.32e+08ns
host0,0,0,pk-host0-to-host1-#381,+5.44e+08ns
host1,2,0,pk-host1-to-host2-#383,+5.44e+08ns
host2,3,0,pk-host2-to-host1-#385,+5.44e+08ns
host3,1,0,pk-host3-to-host1-#277,+6.54e+08ns
host4,0,0,pk-host4-to-host1-#389,+5.44e+08ns
host0,0,0,pk-host0-to-host1-#390,+5.46e+08ns
host1,2,0,pk-host1-to-host2-#392,+5.46e+08ns
host2,3,0,pk-host2-to-host1-#394,+5.46e+08ns
host3,1,0,pk-host4-to-host1-#118,+6.59356e+08ns
host4,0,0,pk-host4-to-host1-#398,+5.46e+08ns
host0,0,0,pk-host0-to-host1-#391,+5.58e+08ns
host1,2,0,pk-host1-to-host2-#393,+5.58e+08ns
host2,3,0,pk-host2-to-host1-#395,+5.58e+08ns
host3,1,0,pk-host3-to-host1-#286,+6.68e+08ns
host4,0,0,pk-host4-to-host1-#399,+5.58e+08ns
host0,0,0,pk-host0-to-host1-#400,+5.6e+08ns
host1,2,0,pk-host1-to-host2-#402,+5.6e+08ns
host2,3,0,pk-host2-to-host1-#404,+5.6e+08ns
host3,1,0,pk-host3-to-host1-#287,+6.8e+08ns
host4,0,0,pk-host4-to-host1-#408,+5.6e+08ns
host0,0,0,pk-host0-to-host1-#401,+5.72e+08ns
host1,2,0,pk-host1-to-host2-#403,+5.72e+08ns
host2,3,0,pk-host2-to-host1-#405,+5.72e+08ns
host3,1,0,pk-host4-to-host1-#119,+6.83356e+08ns
host4,0,0,pk-host4-to-host1-#409,+5.72e+08ns
host0,0,0,pk-host0-to-host1-#410,+5.74e+08ns
host1,2,0,pk-host1-to-host2-#412,+5.74e+08ns
host2,3,0,pk-host2-to-host1-#414,+5.74e+08ns
host3,1,0,pk-host3-to-host1-#296,+6.94e+08ns
host4,0,0,pk-host4-to-host1-#418,+5.74e+08ns
host0,0,0,pk-host0-to-host1-#411,+5.86e+08ns
host1,2,0,pk-host1-to-host2-#413,+5.86e+08ns
host2,3,0,pk-host2-to-host1-#415,+5.86e+08ns
host3,1,0,pk-host3-to-host1-#297,+7.06e+08ns
host4,0,0,pk-host4-to-host1-#419,+5.86e+08ns
host0,0,0,pk-host0-to-host1-#420,+5.88e+08ns
host1,2,0,pk-host1-to-host2-#422,+5.88e+08ns
host2,3,0,pk-host2-to-host1-#424,+5.88e+08ns
host3,1,0,pk-host3-to-host1-#306,+7.08e+08ns
host4,0,0,pk-host4-to-host1-#428,+5.88e+08ns
host0,0,0,pk-host0-to-host1-#421,+6e+08ns
host1,2,0,pk-host1-to-host2-#423,+6e+08ns
host2,3,0,pk-host2-to-host1-#425,+6e+08ns
host3,1,0,pk-host3-to-host1-#307,+7.2e+08ns
host4,0,0,pk-host4-to-host1-#429,+6e+08ns
host0,0,0,pk-host0-to-host1-#430,+6.02e+08ns
host1,2,0,pk-host1-to-host2-#432,+6.02e+08ns
host2,3,0,pk-host2-to-host1-#434,+6.02e+08ns
host3,1,0,pk-host4-to-host1-#128,+7.31356e+08ns
host4,0,0,pk-host4-to-host1-#438,+6.02e+08ns
host0,0,0,pk-host0-to-host1-#431,+6.14e+08ns
host1,2,0,pk-host1-to-host2-#433,+6.14e+08ns
host2,3,0,pk-host2-to-host1-#435,+6.14e+08ns
host3,1,0,pk-host3-to-host1-#316,+7.34e+08ns
host4,0,0,pk-host4-to-host1-#439,+6.14e+08ns
host0,0,0,pk-host0-to-host1-#440,+6.16e+08ns
host1,2,0,pk-host1-to-host2-#442,+6.16e+08ns
host2,3,0,pk-host2-to-host1-#444,+6.16e+08ns
host3,1,0,pk-host3-to-host1-#317,+7.46e+08ns
host4,0,0,pk-host4-to-host1-#448,+6.16e+08ns
host0,0,0,pk-host0-to-host1-#441,+6.28e+08ns
host1,2,0,pk-host1-to-host2-#443,+6.28e+08ns
host2,3,0,pk-host2-to-host1-#445,+6.28e+08ns
host3,1,0,pk-host4-to-host1-#129,+7.55356e+08ns
host4,0,0,pk-host4-to-host1-#449,+6.28e+08ns
host0,0,0,pk-host0-to-host1-#450,+6.3e+08ns
host1,2,0,pk-host1-to-host2-#452,+6.3e+08ns
host2,3,0,pk-host2-to-host1-#454,+6.3e+08ns
host3,1,0,pk-host3-to-host1-#326,+7.6e+08ns
host4,0,0,pk-host4-to-host1-#458,+6.3e+08ns
host0,0,0,pk-host0-to-host1-#451,+6.42e+08ns
host1,2,0,pk-host1-to-host2-#453,+6.42e+08ns
host2,3,0,pk-host2-to-host1-#455,+6.42e+08ns
host3,1,0,pk-host3-to-host1-#327,+7.72e+08ns
host4,0,0,pk-host4-to-host1-#459,+6.42e+08ns
host0,0,0,pk-host0-to-host1-#460,+6.44e+08ns
host1,2,0,pk-host1-to-host2-#462,+6.44e+08ns
host2,3,0,pk-host2-to-host1-#464,+6.44e+08ns
host3,1,0,pk-host4-to-host1-#138,+7.79356e+08ns
host4,0,0,pk-host4-to-host1-#468,+6.44e+08ns
host0,0,0,pk-host0-to-host1-#461,+6.56e+08ns
host1,2,0,pk-host1-to-host2-#463,+6.56e+08ns
host2,3,0,pk-host2-to-host1-#465,+6.56e+08ns
host3,1,0,pk-host3-to-host1-#336,+7.86e+08ns
host4,0,0,pk-host4-to-host1-#469,+6.56e+08ns
host0,0,0,pk-host0-to-host1-#470,+6.58e+08ns
host1,2,0,pk-host1-to-host2-#472,+6.58e+08ns
host2,3,0,pk-host2-to-host1-#474,+6.58e+08ns
host3,1,0,pk-host3-to-host1-#337,+7.98e+08ns
host4,0,0,pk-host4-to-host1-#478,+6.58e+08ns
host0,0,0,pk-host0-to-host1-#471,+6.7e+08ns
host1,2,0,pk-host1-to-host2-#473,+6.7e+08ns
host2,3,0,pk-host2-to-host1-#475,+6.7e+08ns
host3,1,0,pk-host4-to-host1-#139,+8.03356e+08ns
host4,0,0,pk-host4-to-host1-#479,+6.7e+08ns
host0,0,0,pk-host0-to-host1-#480,+6.72e+08ns
host1,2,0,pk-host1-to-host2-#482,+6.72e+08ns
host2,3,0,pk-host2-to-host1-#484,+6.72e+08ns
host3,1,0,pk-host3-to-host1-#346,+8.12e+08ns
host4,0,0,pk-host4-to-host1-#488,+6.72e+08ns
host0,0,0,pk-host0-to-host1-#481,+6.84e+08ns
host1,2,0,pk-host1-to-host2-#483,+6.84e+08ns
host2,3,0,pk-host2-to-host1-#485,+6.84e+08ns
host3,1,0,pk-host3-to-host1-#347,+8.24e+08ns
host4,0,0,pk-host4-to-host1-#489,+6.84e+08ns
host0,0,0,pk-host0-to-host1-#490,+6.86e+08ns
host1,2,0,pk-host1-to-host2-#492,+6.86e+08ns
host2,3,0,pk-host2-to-host1-#494,+6.86e+08ns
host3,1,0,pk-host4-to-host1-#148,+8.27356e+08ns
host4,0,0,pk-host4-to-host1-#498,+6.86e+08ns
host0,0,0,pk-host0-to-host1-#491,+6.98e+08ns
host1,2,0,pk-host1-to-host2-#493,+6.98e+08ns
host2,3,0,pk-host2-to-host1-#495,+6.98e+08ns
host3,1,0,pk-host3-to-host1-#356,+8.38e+08ns
host4,0,0,pk-host4-to-host1-#499,+6.98e+08ns
host0,0,0,pk-host0-to-host1-#500,+7e+08ns
host1,2,0,pk-host1-to-host2-#502,+7e+08ns
host2,3,0,pk-host2-to-host1-#504,+7e+08ns
host3,1,0,pk-host3-to-host1-#357,+8.5e+08ns
host4,0,0,pk-host4-to-host1-#508,+7e+08ns
host0,0,0,pk-host0-to-host1-#501,+7.12e+08ns
host1,2,0,pk-host1-to-host2-#503,+7.12e+08ns
host2,3,0,pk-host2-to-host1-#505,+7.12e+08ns
host3,1,0,pk-host3-to-host1-#366,+8.52e+08ns
host4,0,0,pk-host4-to-host1-#509,+7.12e+08ns
host0,0,0,pk-host0-to-host1-#510,+7.14e+08ns
host1,2,0,pk-host1-to-host2-#512,+7.14e+08ns
host2,3,0,pk-host2-to-host1-#514,+7.14e+08ns
host3,1,0,pk-host3-to-host1-#367,+8.64e+08ns
host4,0,0,pk-host4-to-host1-#518,+7.14e+08ns
host0,0,0,pk-host0-to-host1-#511,+7.26e+08ns
host1,2,0,pk-host1-to-host2-#513,+7.26e+08ns
host2,3,0,pk-host2-to-host1-#515,+7.26e+08ns
host3,1,0,pk-host4-to-host1-#149,+8.75356e+08ns
host4,0,0,pk-host4-to-host1-#519,+7.26e+08ns
host0,0,0,pk-host0-to-host1-#520,+7.28e+08ns
host1,2,0,pk-host1-to-host2-#522,+7.28e+08ns
host2,3,0,pk-host2-to-host1-#524,+7.28e+08ns
host3,1,0,pk-host3-to-host1-#376,+8.78e+08ns
host4,0,0,pk-host4-to-host1-#528,+7.28e+08ns
host0,0,0,pk-host0-to-host1-#521,+7.4e+08ns
host1,2,0,pk-host1-to-host2-#523,+7.4e+08ns
host2,3,0,pk-host2-to-host1-#525,+7.4e+08ns
host3,1,0,pk-host3-to-host1-#377,+8.9e+08ns
host4,0,0,pk-host4-to-host1-#529,+7.4e+08ns
host0,0,0,pk-host0-to-host1-#530,+7.42e+08ns
host1,2,0,pk-host1-to-host2-#532,+7.42e+08ns
host2,3,0,pk-host2-to-host1-#534,+7.42e+08ns
host3,1,0,pk-host4-to-host1-#158,+8.99356e+08ns
host4,0,0,pk-host4-to-host1-#538,+7.42e+08ns
host0,0,0,pk-host0-to-host1-#531,+7.54e+08ns
host1,2,0,pk-host1-to-host2-#533,+7.54e+08ns
host2,3,0,pk-host2-to-host1-#535,+7.54e+08ns
host3,1,0,pk-host3-to-host1-#386,+9.04e+08ns
host4,0,0,pk-host4-to-host1-#539,+7.54e+08ns
host0,0,0,pk-host0-to-host1-#540,+7.56e+08ns
host1,2,0,pk-host1-to-host2-#542,+7.56e+08ns
host2,3,0,pk-host2-to-host1-#544,+7.56e+08ns
host3,1,0,pk-host3-to-host1-#387,+9.16e+08ns
host4,0,0,pk-host4-to-host1-#548,+7.56e+08ns
host0,0,0,pk-host0-to-host1-#541,+7.68e+08ns
host1,2,0,pk-host1-to-host2-#543,+7.68e+08ns
host2,3,0,pk-host2-to-host1-#545,+7.68e+08ns
host3,1,0,pk-host4-to-host1-#159,+9.23356e+08ns
host4,0,0,pk-host4-to-host1-#549,+7.68e+08ns
host0,0,0,pk-host0-to-host1-#550,+7.7e+08ns
host1,2,0,pk-host1-to-host2-#552,+7.7e+08ns
host2,3,0,pk-host2-to-host1-#554,+7.7e+08ns
host3,1,0,pk-host3-to-host1-#396,+9.3e+08ns
host4,0,0,pk-host4-to-host1-#558,+7.7e+08ns
host0,0,0,pk-host0-to-host1-#551,+7.82e+08ns
host1,2,0,pk-host1-to-host2-#553,+7.82e+08ns
host2,3,0,pk-host2-to-host1-#555,+7.82e+08ns
host3,1,0,pk-host3-to-host1-#397,+9.42e+08ns
host4,0,0,pk-host4-to-host1-#559,+7.82e+08ns
host0,0,0,pk-host0-to-host1-#560,+7.84e+08ns
host1,2,0,pk-host1-to-host2-#562,+7.84e+08ns
host2,3,0,pk-host2-to-host1-#564,+7.84e+08ns
host3,1,0,pk-host4-to-host1-#168,+9.47356e+08ns
host4,0,0,pk-host4-to-host1-#568,+7.84e+08ns
host0,0,0,pk-host0-to-host1-#561,+7.96e+08ns
host1,2,0,pk-host1-to-host2-#563,+7.96e+08ns
host2,3,0,pk-host2-to-host1-#565,+7.96e+08ns
host3,1,0,pk-host3-to-host1-#406,+9.56e+08ns
host4,0,0,pk-host4-to-host1-#569,+7.96e+08ns
host0,0,0,pk-host0-to-host1-#570,+7.98e+08ns
host1,2,0,pk-host1-to-host2-#572,+7.98e+08ns
host2,3,0,pk-host2-to-host1-#574,+7.98e+08ns
host3,1,0,pk-host3-to-host1-#407,+9.68e+08ns
host4,0,0,pk-host4-to-host1-#578,+7.98e+08ns
host0,0,0,pk-host0-to-host1-#571,+8.1e+08ns
host1,2,0,pk-host1-to-host2-#573,+8.1e+08ns
host2,3,0,pk-host2-to-host1-#575,+8.1e+08ns
host3,1,0,pk-host4-to-host1-#169,+9.71356e+08ns
host4,0,0,pk-host4-to-host1-#579,+8.1e+08ns
host0,0,0,pk-host0-to-host1-#580,+8.12e+08ns
host1,2,0,pk-host1-to-host2-#582,+8.12e+08ns
host2,3,0,pk-host2-to-host1-#584,+8.12e+08ns
host3,1,0,pk-host3-to-host1-#416,+9.82e+08ns
host4,0,0,pk-host4-to-host1-#588,+8.12e+08ns
host0,0,0,pk-host0-to-host1-#581,+8.24e+08ns
host1,2,0,pk-host1-to-host2-#583,+8.24e+08ns
host2,3,0,pk-host2-to-host1-#585,+8.24e+08ns
host3,1,0,pk-host3-to-host1-#417,+9.94e+08ns
host4,0,0,pk-host4-to-host1-#589,+8.24e+08ns
host0,0,0,pk-host0-to-host1-#590,+8.26e+08ns
host1,2,0,pk-host1-to-host2-#592,+8.26e+08ns
host2,3,0,pk-host2-to-host1-#594,+8.26e+08ns
host3,1,0,pk-host3-to-host1-#426,+9.96e+08ns
host4,0,0,pk-host4-to-host1-#598,+8.26e+08ns
host0,0,0,pk-host0-to-host1-#591,+8.38e+08ns
host1,2,0,pk-host1-to-host2-#593,+8.38e+08ns
host2,3,0,pk-host2-to-host1-#595,+8.38e+08ns
host3,1,0,pk-host3-to-host1-#427,+1.008e+09ns
host4,0,0,pk-host4-to-host1-#599,+8.38e+08ns
host0,0,0,pk-host0-to-host1-#600,+8.4e+08ns
host1,2,0,pk-host1-to-host2-#602,+8.4e+08ns
host2,3,0,pk-host2-to-host1-#604,+8.4e+08ns
host3,1,0,pk-host4-to-host1-#178,+1.01936e+09ns
host4,0,0,pk-host4-to-host1-#608,+8.4e+08ns
host0,0,0,pk-host0-to-host1-#601,+8.52e+08ns
host1,2,0,pk-host1-to-host2-#603,+8.52e+08ns
host2,3,0,pk-host2-to-host1-#605,+8.52e+08ns
host3,1,0,pk-host3-to-host1-#436,+1.022e+09ns
host4,0,0,pk-host4-to-host1-#609,+8.52e+08ns
host0,0,0,pk-host0-to-host1-#610,+8.54e+08ns
host1,2,0,pk-host1-to-host2-#612,+8.54e+08ns
host2,3,0,pk-host2-to-host1-#614,+8.54e+08ns
host3,1,0,pk-host3-to-host1-#437,+1.034e+09ns
host4,0,0,pk-host4-to-host1-#618,+8.54e+08ns
host0,0,0,pk-host0-to-host1-#611,+8.66e+08ns
host1,2,0,pk-host1-to-host2-#613,+8.66e+08ns
host2,3,0,pk-host2-to-host1-#615,+8.66e+08ns
host3,1,0,pk-host4-to-host1-#179,+1.04336e+09ns
host4,0,0,pk-host4-to-host1-#619,+8.66e+08ns
host0,0,0,pk-host0-to-host1-#620,+8.68e+08ns
host1,2,0,pk-host1-to-host2-#622,+8.68e+08ns
host2,3,0,pk-host2-to-host1-#624,+8.68e+08ns
host3,1,0,pk-host3-to-host1-#446,+1.048e+09ns
host4,0,0,pk-host4-to-host1-#628,+8.68e+08ns
host0,0,0,pk-host0-to-host1-#621,+8.8e+08ns
host1,2,0,pk-host1-to-host2-#623,+8.8e+08ns
host2,3,0,pk-host2-to-host1-#625,+8.8e+08ns
host3,1,0,pk-host3-to-host1-#447,+1.06e+09ns
host4,0,0,pk-host4-to-host1-#629,+8.8e+08ns
host0,0,0,pk-host0-to-host1-#630,+8.82e+08ns
host1,2,0,pk-host1-to-host2-#632,+8.82e+08ns
host2,3,0,pk-host2-to-host1-#634,+8.82e+08ns
host3,1,0,pk-host4-to-host1-#188,+1.06736e+09ns
host4,0,0,pk-host4-to-host1-#638,+8.82e+08ns
host0,0,0,pk-host0-to-host1-#631,+8.94e+08ns
host1,2,0,pk-host1-to-host2-#633,+8.94e+08ns
host2,3,0,pk-host2-to-host1-#635,+8.94e+08ns
host3,1,0,pk-host3-to-host1-#456,+1.074e+09ns
host4,0,0,pk-host4-to-host1-#639,+8.94e+08ns
host0,0,0,pk-host0-to-host1-#640,+8.96e+08ns
host1,2,0,pk-host1-to-host2-#642,+8.96e+08ns
host2,3,0,pk-host2-to-host1-#644,+8.96e+08ns
host3,1,0,pk-host3-to-host1-#457,+1.086e+09ns
host4,0,0,pk-host4-to-host1-#648,+8.96e+08ns
host0,0,0,pk-host0-to-host1-#641,+9.08e+08ns
host1,2,0,pk-host1-to-host2-#643,+9.08e+08ns
host2,3,0,pk-host2-to-host1-#645,+9.08e+08ns
host3,1,0,pk-host4-to-host1-#189,+1.09136e+09ns
host4,0,0,pk-host4-to-host1-#649,+9.08e+08ns
host0,0,0,pk-host0-to-host1-#650,+9.1e+08ns
host1,2,0,pk-host1-to-host2-#652,+9.1e+08ns
host2,3,0,pk-host2-to-host1-#654,+9.1e+08ns
host3,1,0,pk-host3-to-host1-#466,+1.1e+09ns
host4,0,0,pk-host4-to-host1-#658,+9.1e+08ns
host0,0,0,pk-host0-to-host1-#651,+9.22e+08ns
host1,2,0,pk-host1-to-host2-#653,+9.22e+08ns
host2,3,0,pk-host2-to-host1-#655,+9.22e+08ns
host3,1,0,pk-host3-to-host1-#467,+1.112e+09ns
host4,0,0,pk-host4-to-host1-#659,+9.22e+08ns
host0,0,0,pk-host0-to-host1-#660,+9.24e+08ns
host1,2,0,pk-host1-to-host2-#662,+9.24e+08ns
host2,3,0,pk-host2-to-host1-#664,+9.24e+08ns
host3,1,0,pk-host4-to-host1-#198,+1.11536e+09ns
host4,0,0,pk-host4-to-host1-#668,+9.24e+08ns
host0,0,0,pk-host0-to-host1-#661,+9.36e+08ns
host1,2,0,pk-host1-to-host2-#663,+9.36e+08ns
host2,3,0,pk-host2-to-host1-#665,+9.36e+08ns
host3,1,0,pk-host3-to-host1-#476,+1.126e+09ns
host4,0,0,pk-host4-to-host1-#669,+9.36e+08ns
host0,0,0,pk-host0-to-host1-#670,+9.38e+08ns
host1,2,0,pk-host1-to-host2-#672,+9.38e+08ns
host2,3,0,pk-host2-to-host1-#674,+9.38e+08ns
host3,1,0,pk-host3-to-host1-#477,+1.138e+09ns
host4,0,0,pk-host4-to-host1-#678,+9.38e+08ns
host0,0,0,pk-host0-to-host1-#671,+9.5e+08ns
host1,2,0,pk-host1-to-host2-#673,+9.5e+08ns
host2,3,0,pk-host2-to-host1-#675,+9.5e+08ns
host3,1,0,pk-host3-to-host1-#486,+1.14e+09ns
host4,0,0,pk-host4-to-host1-#679,+9.5e+08ns
host0,0,0,pk-host0-to-host1-#680,+9.52e+08ns
host1,2,0,pk-host1-to-host2-#682,+9.52e+08ns
host2,3,0,pk-host2-to-host1-#684,+9.52e+08ns
host3,1,0,pk-host3-to-host1-#487,+1.152e+09ns
host4,0,0,pk-host4-to-host1-#688,+9.52e+08ns
host0,0,0,pk-host0-to-host1-#681,+9.64e+08ns
host1,2,0,pk-host1-to-host2-#683,+9.64e+08ns
host2,3,0,pk-host2-to-host1-#685,+9.64e+08ns
host3,1,0,pk-host4-to-host1-#199,+1.16336e+09ns
host4,0,0,pk-host4-to-host1-#689,+9.64e+08ns
host0,0,0,pk-host0-to-host1-#690,+9.66e+08ns
host1,2,0,pk-host1-to-host2-#692,+9.66e+08ns
host2,3,0,pk-host2-to-host1-#694,+9.66e+08ns
host3,1,0,pk-host3-to-host1-#496,+1.166e+09ns
host4,0,0,pk-host4-to-host1-#698,+9.66e+08ns
host0,0,0,pk-host0-to-host1-#691,+9.78e+08ns
host1,2,0,pk-host1-to-host2-#693,+9.78e+08ns
host2,3,0,pk-host2-to-host1-#695,+9.78e+08ns
host3,1,0,pk-host3-to-host1-#497,+1.178e+09ns
host4,0,0,pk-host4-to-host1-#699,+9.78e+08ns
host0,0,0,pk-host0-to-host1-#700,+9.8e+08ns
host1,2,0,pk-host1-to-host2-#702,+9.8e+08ns
host2,3,0,pk-host2-to-host1-#704,+9.8e+08ns
host3,1,0,pk-host4-to-host1-#208,+1.18736e+09ns
host4,0,0,pk-host4-to-host1-#708,+9.8e+08ns
host0,0,0,pk-host0-to-host1-#701,+9.92e+08ns
host1,2,0,pk-host1-to-host2-#703,+9.92e+08ns
host2,3,0,pk-host2-to-host1-#705,+9.92e+08ns
host3,1,0,pk-host3-to-host1-#506,+1.192e+09ns
host4,0,0,pk-host4-to-host1-#709,+9.92e+08ns
host0,0,0,pk-host0-to-host1-#710,+9.94e+08ns
host1,2,0,pk-host1-to-host2-#712,+9.94e+08ns
host2,3,0,pk-host2-to-host1-#714,+9.94e+08ns
host3,1,0,pk-host4-to-host1-#209,+1.19936e+09ns
host4,0,0,pk-host4-to-host1-#718,+9.94e+08ns
host0,0,0,pk-host0-to-host1-#711,+1.006e+09ns
host1,2,0,pk-host1-to-host2-#713,+1.006e+09ns
host2,3,0,pk-host2-to-host1-#715,+1.006e+09ns
host3,1,0,pk-host4-to-host1-#218,+1.19936e+09ns
host4,0,0,pk-host4-to-host1-#719,+1.006e+09ns
host0,0,0,pk-host0-to-host1-#720,+1.008e+09ns
host1,2,0,pk-host1-to-host2-#722,+1.008e+09ns
host2,3,0,pk-host2-to-host1-#724,+1.008e+09ns
host3,1,0,pk-host4-to-host1-#219,+1.19936e+09ns
host4,0,0,pk-host4-to-host1-#728,+1.008e+09ns
host0,0,0,pk-host0-to-host1-#721,+1.02e+09ns
host1,2,0,pk-host1-to-host2-#723,+1.02e+09ns
host2,3,0,pk-host2-to-host1-#725,+1.02e+09ns
host3,1,0,pk-host3-to-host1-#546,+1.2e+09ns
host4,0,0,pk-host4-to-host1-#729,+1.02e+09ns
host0,0,0,pk-host0-to-host1-#730,+1.022e+09ns
host1,2,0,pk-host1-to-host2-#732,+1.022e+09ns
host2,3,0,pk-host2-to-host1-#734,+1.022e+09ns
host3,1,0,pk-host4-to-host1-#229,+1.19936e+09ns
host4,0,0,pk-host4-to-host1-#738,+1.022e+09ns
host0,0,0,pk-host0-to-host1-#731,+1.034e+09ns
host1,2,0,pk-host1-to-host2-#733,+1.034e+09ns
host2,3,0,pk-host2-to-host1-#735,+1.034e+09ns
host3,1,0,pk-host4-to-host1-#238,+1.19936e+09ns
host4,0,0,pk-host4-to-host1-#739,+1.034e+09ns
host0,0,0,pk-host0-to-host1-#740,+1.036e+09ns
host1,2,0,pk-host1-to-host2-#742,+1.036e+09ns
host2,3,0,pk-host2-to-host1-#744,+1.036e+09ns
host3,1,0,pk-host4-to-host1-#239,+1.19936e+09ns
host4,0,0,pk-host4-to-host1-#748,+1.036e+09ns
host0,0,0,pk-host0-to-host1-#741,+1.048e+09ns
host1,2,0,pk-host1-to-host2-#743,+1.048e+09ns
host2,3,0,pk-host2-to-host1-#745,+1.048e+09ns
host3,1,0,pk-host4-to-host1-#248,+1.19936e+09ns
host4,0,0,pk-host4-to-host1-#749,+1.048e+09ns
host0,0,0,pk-host0-to-host1-#750,+1.05e+09ns
host1,2,0,pk-host1-to-host2-#752,+1.05e+09ns
host2,3,0,pk-host2-to-host1-#754,+1.05e+09ns
host3,1,0,pk-host3-to-host1-#606,+1.2e+09ns
host4,0,0,pk-host4-to-host1-#758,+1.05e+09ns
host0,0,0,pk-host0-to-host1-#751,+1.062e+09ns
host1,2,0,pk-host1-to-host2-#753,+1.062e+09ns
host2,3,0,pk-host2-to-host1-#755,+1.062e+09ns
host3,1,0,pk-host4-to-host1-#258,+1.19936e+09ns
host4,0,0,pk-host4-to-host1-#759,+1.062e+09ns
host0,0,0,pk-host0-to-host1-#760,+1.064e+09ns
host1,2,0,pk-host1-to-host2-#762,+1.064e+09ns
host2,3,0,pk-host2-to-host1-#764,+1.064e+09ns
host3,1,0,pk-host4-to-host1-#259,+1.19936e+09ns
host4,0,0,pk-host4-to-host1-#768,+1.064e+09ns
host0,0,0,pk-host0-to-host1-#761,+1.076e+09ns
host1,2,0,pk-host1-to-host2-#763,+1.076e+09ns
host2,3,0,pk-host2-to-host1-#765,+1.076e+09ns
host3,1,0,pk-host4-to-host1-#268,+1.19936e+09ns
host4,0,0,pk-host4-to-host1-#769,+1.076e+09ns
host0,0,0,pk-host0-to-host1-#770,+1.078e+09ns
host1,2,0,pk-host1-to-host2-#772,+1.078e+09ns
host2,3,0,pk-host2-to-host1-#774,+1.078e+09ns
host3,1,0,pk-host4-to-host1-#269,+1.19936e+09ns
host4,0,0,pk-host4-to-host1-#778,+1.078e+09ns
host0,0,0,pk-host0-to-host1-#771,+1.09e+09ns
host1,2,0,pk-host1-to-host2-#773,+1.09e+09ns
host2,3,0,pk-host2-to-host1-#775,+1.09e+09ns
host3,1,0,pk-host3-to-host1-#666,+1.2e+09ns
host4,0,0,pk-host4-to-host1-#779,+1.09e+09ns
host0,0,0,pk-host0-to-host1-#780,+1.092e+09ns
host1,2,0,pk-host1-to-host2-#782,+1.092e+09ns
host2,3,0,pk-host2-to-host1-#784,+1.092e+09ns
host3,1,0,pk-host4-to-host1-#279,+1.19936e+09ns
host4,0,0,pk-host4-to-host1-#788,+1.092e+09ns
host0,0,0,pk-host0-to-host1-#781,+1.104e+09ns
host1,2,0,pk-host1-to-host2-#783,+1.104e+09ns
host2,3,0,pk-host2-to-host1-#785,+1.104e+09ns
host3,1,0,pk-host4-to-host1-#288,+1.19936e+09ns
host4,0,0,pk-host4-to-host1-#789,+1.104e+09ns
host0,0,0,pk-host0-to-host1-#790,+1.106e+09ns
host1,2,0,pk-host1-to-host2-#792,+1.106e+09ns
host2,3,0,pk-host2-to-host1-#794,+1.106e+09ns
host3,1,0,pk-host4-to-host1-#289,+1.19936e+09ns
host4,0,0,pk-host4-to-host1-#798,+1.106e+09ns
host0,0,0,pk-host0-to-host1-#791,+1.118e+09ns
host1,2,0,pk-host1-to-host2-#793,+1.118e+09ns
host2,3,0,pk-host2-to-host1-#795,+1.118e+09ns
host3,1,0,pk-host4-to-host1-#298,+1.19936e+09ns
host4,0,0,pk-host4-to-host1-#799,+1.118e+09ns
host0,0,0,pk-host0-to-host1-#800,+1.12e+09ns
host1,2,0,pk-host1-to-host2-#802,+1.12e+09ns
host2,3,0,pk-host2-to-host1-#804,+1.12e+09ns
host3,1,0,pk-host3-to-host1-#726,+1.2e+09ns
host4,0,0,pk-host4-to-host1-#808,+1.12e+09ns
host0,0,0,pk-host0-to-host1-#801,+1.132e+09ns
host1,2,0,pk-host1-to-host2-#803,+1.132e+09ns
host2,3,0,pk-host2-to-host1-#805,+1.132e+09ns
host3,1,0,pk-host4-to-host1-#308,+1.19936e+09ns
host4,0,0,pk-host4-to-host1-#809,+1.132e+09ns
host0,0,0,pk-host0-to-host1-#810,+1.134e+09ns
host1,2,0,pk-host1-to-host2-#812,+1.134e+09ns
host2,3,0,pk-host2-to-host1-#814,+1.134e+09ns
host3,1,0,pk-host4-to-host1-#309,+1.19936e+09ns
host4,0,0,pk-host4-to-host1-#818,+1.134e+09ns
host0,0,0,pk-host0-to-host1-#811,+1.146e+09ns
host1,2,0,pk-host1-to-host2-#813,+1.146e+09ns
host2,3,0,pk-host2-to-host1-#815,+1.146e+09ns
host3,1,0,pk-host4-to-host1-#318,+1.19936e+09ns
host4,0,0,pk-host4-to-host1-#819,+1.146e+09ns
host0,0,0,pk-host0-to-host1-#820,+1.148e+09ns
host1,2,0,pk-host1-to-host2-#822,+1.148e+09ns
host2,3,0,pk-host2-to-host1-#824,+1.148e+09ns
host3,1,0,pk-host4-to-host1-#319,+1.19936e+09ns
host4,0,0,pk-host4-to-host1-#828,+1.148e+09ns
host0,0,0,pk-host0-to-host1-#821,+1.16e+09ns
host1,2,0,pk-host1-to-host2-#823,+1.16e+09ns
host2,3,0,pk-host2-to-host1-#825,+1.16e+09ns
host3,1,0,pk-host3-to-host1-#786,+1.2e+09ns
host4,0,0,pk-host4-to-host1-#829,+1.16e+09ns
host0,0,0,pk-host0-to-host1-#830,+1.162e+09ns
host1,2,0,pk-host1-to-host2-#832,+1.162e+09ns
host2,3,0,pk-host2-to-host1-#834,+1.162e+09ns
host3,1,0,pk-host4-to-host1-#329,+1.19936e+09ns
host4,0,0,pk-host4-to-host1-#838,+1.162e+09ns
host0,0,0,pk-host0-to-host1-#831,+1.174e+09ns
host1,2,0,pk-host1-to-host2-#833,+1.174e+09ns
host2,3,0,pk-host2-to-host1-#835,+1.174e+09ns
host3,1,0,pk-host4-to-host1-#338,+1.19936e+09ns
host4,0,0,pk-host4-to-host1-#839,+1.174e+09ns
host0,0,0,pk-host0-to-host1-#840,+1.176e+09ns
host1,2,0,pk-host1-to-host2-#842,+1.176e+09ns
host2,3,0,pk-host2-to-host1-#844,+1.176e+09ns
host3,1,0,pk-host4-to-host1-#339,+1.19936e+09ns
host4,0,0,pk-host4-to-host1-#848,+1.176e+09ns
host0,0,0,pk-host0-to-host1-#841,+1.188e+09ns
host1,2,0,pk-host1-to-host2-#843,+1.188e+09ns
host2,3,0,pk-host2-to-host1-#845,+1.188e+09ns
host3,1,0,pk-host4-to-host1-#348,+1.19936e+09ns
host4,0,0,pk-host4-to-host1-#849,+1.188e+09ns
host0,0,0,pk-host0-to-host1-#850,+1.19e+09ns
host1,2,0,pk-host1-to-host2-#852,+1.19e+09ns
host2,3,0,pk-host2-to-host1-#854,+1.19e+09ns
host3,1,0,pk-host3-to-host1-#846,+1.2e+09ns
host4,0,0,pk-host4-to-host1-#858,+1.19e+09ns
host0,0,0,pk-host0-to-host1-#860,+1.192e+09ns
host1,2,0,pk-host1-to-host2-#862,+1.192e+09ns
host2,3,0,pk-host2-to-host1-#864,+1.192e+09ns
host3,1,0,pk-host4-to-host1-#358,+1.19936e+09ns
host4,0,0,pk-host4-to-host1-#868,+1.192e+09ns
host0,0,0,pk-host0-to-host1-#870,+1.194e+09ns
host1,2,0,pk-host1-to-host2-#872,+1.194e+09ns
host2,3,0,pk-host2-to-host1-#874,+1.194e+09ns
host3,1,0,pk-host4-to-host1-#359,+1.19936e+09ns
host4,0,0,pk-host4-to-host1-#878,+1.194e+09ns
host0,0,0,pk-host0-to-host1-#880,+1.196e+09ns
host1,2,0,pk-host1-to-host2-#882,+1.196e+09ns
host2,3,0,pk-host2-to-host1-#884,+1.196e+09ns
host3,1,0,pk-host4-to-host1-#368,+1.19936e+09ns
host4,0,0,pk-host4-to-host1-#888,+1.196e+09ns
host0,0,0,pk-host0-to-host1-#890,+1.198e+09ns
host1,2,0,pk-host1-to-host2-#892,+1.198e+09ns
host2,3,0,pk-host2-to-host1-#894,+1.198e+09ns
host3,1,0,pk-host4-to-host1-#369,+1.19936e+09ns
host4,0,0,pk-host4-to-host1-#898,+1.198e+09ns
host0,0,0,pk-host0-to-host1-#900,+1.2e+09ns
host1,2,0,pk-host1-to-host2-#902,+1.2e+09ns
host2,3,0,pk-host2-to-host1-#904,+1.2e+09ns
host3,1,0,pk-host3-to-host1-#906,+1.2e+09ns
host4,0,0,pk-host4-to-host1-#908,+1.2e+09ns
host0,0,0,pk-host0-to-host1-#920,+1.192e+09ns
host1,2,0,pk-host1-to-host2-#922,+1.192e+09ns
host2,3,0,pk-host2-to-host1-#924,+1.192e+09ns
host3,1,0,pk-host4-to-host1-#379,+1.19936e+09ns
host4,0,0,pk-host4-to-host1-#928,+1.192e+09ns
host0,0,0,pk-host0-to-host1-#930,+1.194e+09ns
host1,2,0,pk-host1-to-host2-#932,+1.194e+09ns
host2,3,0,pk-host2-to-host1-#934,+1.194e+09ns
host3,1,0,pk-host4-to-host1-#388,+1.19936e+09ns
host4,0,0,pk-host4-to-host1-#938,+1.194e+09ns
host0,0,0,pk-host0-to-host1-#940,+1.196e+09ns
host1,2,0,pk-host1-to-host2-#942,+1.196e+09ns
host2,3,0,pk-host2-to-host1-#944,+1.196e+09ns
host3,1,0,pk-host4-to-host1-#389,+1.19936e+09ns
host4,0,0,pk-host4-to-host1-#948,+1.196e+09ns
host0,0,0,pk-host0-to-host1-#950,+1.198e+09ns
host1,2,0,pk-host1-to-host2-#952,+1.198e+09ns
host2,3,0,pk-host2-to-host1-#954,+1.198e+09ns
host3,1,0,pk-host4-to-host1-#398,+1.19936e+09ns
host4,0,0,pk-host4-to-host1-#958,+1.198e+09ns
host0,0,0,pk-host0-to-host1-#960,+1.2e+09ns
host1,2,0,pk-host1-to-host2-#962,+1.2e+09ns
host2,3,0,pk-host2-to-host1-#964,+1.2e+09ns
host3,1,0,pk-host3-to-host1-#966,+1.2e+09ns
host4,0,0,pk-host4-to-host1-#968,+1.2e+09ns
host0,0,0,pk-host0-to-host1-#980,+1.192e+09ns
host1,2,0,pk-host1-to-host2-#982,+1.192e+09ns
host2,3,0,pk-host2-to-host1-#984,+1.192e+09ns
host3,1,0,pk-host4-to-host1-#408,+1.19936e+09ns
host4,0,0,pk-host4-to-host1-#988,+1.192e+09ns
host0,0,0,pk-host0-to-host1-#990,+1.194e+09ns
host1,2,0,pk-host1-to-host2-#992,+1.194e+09ns
host2,3,0,pk-host2-to-host1-#994,+1.194e+09ns
host3,1,0,pk-host4-to-host1-#409,+1.19936e+09ns
host4,0,0,pk-host4-to-host1-#998,+1.194e+09ns
host0,0,0,pk-host0-to-host1-#1000,+1.196e+09ns
host1,2,0,pk-host1-to-host2-#1002,+1.196e+09ns
host2,3,0,pk-host2-to-host1-#1004,+1.196e+09ns
host3,1,0,pk-host4-to-host1-#418,+1.19936e+09ns
host4,0,0,pk-host4-to-host1-#1008,+1.196e+09ns
host3,1,0,pk-host4-to-host1-#419,+1.19936e+09ns
host3,1,0,pk-host4-to-host1-#428,+1.19936e+09ns
host3,1,0,pk-host4-to-host1-#429,+1.19936e+09ns
host3,1,0,pk-host4-to-host1-#438,+1.19936e+09ns
host3,1,0,pk-host4-to-host1-#439,+1.19936e+09ns
host3,1,0,pk-host4-to-host1-#448,+1.19936e+09ns
host3,1,0,pk-host4-to-host1-#449,+1.19936e+09ns
host3,1,0,pk-host4-to-host1-#458,+1.19936e+09ns
host3,1,0,pk-host4-to-host1-#459,+1.19936e+09ns
host3,1,0,pk-host4-to-host1-#468,+1.19936e+09ns
host3,1,0,pk-host4-to-host1-#469,+1.19936e+09ns
host3,1,0,pk-host4-to-host1-#478,+1.19936e+09ns
host3,1,0,pk-host4-to-host1-#479,+1.19936e+09ns
host3,1,0,pk-host4-to-host1-#488,+1.19936e+09ns
host3,1,0,pk-host4-to-host1-#489,+1.19936e+09ns
host3,1,0,pk-host4-to-host1-#498,+1.19936e+09ns
host3,1,0,pk-host4-to-host1-#499,+1.19936e+09ns
host3,1,0,pk-host4-to-host1-#508,+1.19936e+09ns
host3,1,0,pk-host4-to-host1-#509,+1.19936e+09ns
host3,1,0,pk-host4-to-host1-#518,+1.19936e+09ns
host3,1,0,pk-host4-to-host1-#519,+1.19936e+09ns
host3,1,0,pk-host4-to-host1-#528,+1.19936e+09ns
host3,1,0,pk-host4-to-host1-#529,+1.19936e+09ns
host3,1,0,pk-host4-to-host1-#538,+1.19936e+09ns
host3,1,0,pk-host4-to-host1-#539,+1.19936e+09ns
host3,1,0,pk-host4-to-host1-#548,+1.19936e+09ns
host3,1,0,pk-host4-to-host1-#549,+1.19936e+09ns
host3,1,0,pk-host4-to-host1-#558,+1.19936e+09ns
host3,1,0,pk-host4-to-host1-#559,+1.19936e+09ns
host3,1,0,pk-host4-to-host1-#568,+1.19936e+09ns
host3,1,0,pk-host4-to-host1-#569,+1.19936e+09ns
host3,1,0,pk-host4-to-host1-#578,+1.19936e+09ns
host3,1,0,pk-host4-to-host1-#579,+1.19936e+09ns
host3,1,0,pk-host4-to-host1-#588,+1.19936e+09ns
host3,1,0,pk-host4-to-host1-#589,+1.19936e+09ns
host3,1,0,pk-host4-to-host1-#598,+1.19936e+09ns
host3,1,0,pk-host4-to-host1-#599,+1.19936e+09ns
host3,1,0,pk-host4-to-host1-#608,+1.19936e+09ns
host3,1,0,pk-host4-to-host1-#609,+1.19936e+09ns
host3,1,0,pk-host4-to-host1-#618,+1.19936e+09ns
host3,1,0,pk-host4-to-host1-#619,+1.19936e+09ns
host3,1,0,pk-host4-to-host1-#628,+1.19936e+09ns
host3,1,0,pk-host4-to-host1-#629,+1.19936e+09ns
host3,1,0,pk-host4-to-host1-#638,+1.19936e+09ns
host3,1,0,pk-host4-to-host1-#639,+1.19936e+09ns
host3,1,0,pk-host4-to-host1-#648,+1.19936e+09ns
host3,1,0,pk-host4-to-host1-#649,+1.19936e+09ns
host3,1,0,pk-host4-to-host1-#658,+1.19936e+09ns
host3,1,0,pk-host4-to-host1-#659,+1.19936e+09ns
host3,1,0,pk-host4-to-host1-#668,+1.19936e+09ns
host3,1,0,pk-host4-to-host1-#669,+1.19936e+09ns
host3,1,0,pk-host4-to-host1-#678,+1.19936e+09ns
host3,1,0,pk-host4-to-host1-#679,+1.19936e+09ns
host3,1,0,pk-host4-to-host1-#688,+1.19936e+09ns
host3,1,0,pk-host4-to-host1-#689,+1.19936e+09ns
host3,1,0,pk-host4-to-host1-#698,+1.19936e+09ns
host3,1,0,pk-host4-to-host1-#699,+1.19936e+09ns
host3,1,0,pk-host4-to-host1-#708,+1.19936e+09ns
host3,1,0,pk-host4-to-host1-#709,+1.19936e+09ns
host3,1,0,pk-host4-to-host1-#718,+1.19936e+09ns
host3,1,0,pk-host4-to-host1-#719,+1.19936e+09ns
host3,1,0,pk-host4-to-host1-#728,+1.19936e+09ns
host3,1,0,pk-host4-to-host1-#729,+1.19936e+09ns
host3,1,0,pk-host4-to-host1-#738,+1.19936e+09ns
host3,1,0,pk-host4-to-host1-#739,+1.19936e+09ns
host3,1,0,pk-host4-to-host1-#748,+1.19936e+09ns
host3,1,0,pk-host4-to-host1-#749,+1.19936e+09ns
host3,1,0,pk-host4-to-host1-#758,+1.19936e+09ns
host3,1,0,pk-host4-to-host1-#759,+1.19936e+09ns
host3,1,0,pk-host4-to-host1-#768,+1.19936e+09ns
host3,1,0,pk-host4-to-host1-#769,+1.19936e+09ns
host3,1,0,pk-host4-to-host1-#778,+1.19936e+09ns
host3,1,0,pk-host4-to-host1-#779,+1.19936e+09ns
host3,1,0,pk-host4-to-host1-#788,+1.19936e+09ns
host3,1,0,pk-host4-to-host1-#789,+1.19936e+09ns
host3,1,0,pk-host4-to-host1-#798,+1.19936e+09ns
host3,1,0,pk-host4-to-host1-#799,+1.19936e+09ns
host3,1,0,pk-host4-to-host1-#808,+1.19936e+09ns
host3,1,0,pk-host4-to-host1-#809,+1.19936e+09ns
host3,1,0,pk-host4-to-host1-#818,+1.19936e+09ns
host3,1,0,pk-host4-to-host1-#819,+1.19936e+09ns
host3,1,0,pk-host4-to-host1-#828,+1.19936e+09ns
host3,1,0,pk-host4-to-host1-#829,+1.19936e+09ns
host3,1,0,pk-host4-to-host1-#838,+1.19936e+09ns
host3,1,0,pk-host4-to-host1-#839,+1.19936e+09ns
host3,1,0,pk-host4-to-host1-#848,+1.19936e+09ns
host3,1,0,pk-host4-to-host1-#849,+1.19936e+09ns
host3,1,0,pk-host4-to-host1-#858,+1.19936e+09ns
host3,1,0,pk-host4-to-host1-#868,+1.19936e+09ns
host3,1,0,pk-host4-to-host1-#878,+1.19936e+09ns
host3,1,0,pk-host4-to-host1-#888,+1.19936e+09ns
host3,1,0,pk-host4-to-host1-#898,+1.19936e+09ns
host3,1,0,pk-host4-to-host1-#908,+1.19936e+09ns
host3,1,0,pk-host4-to-host1-#928,+1.19936e+09ns
host3,1,0,pk-host4-to-host1-#938,+1.19936e+09ns
host3,1,0,pk-host4-to-host1-#948,+1.19936e+09ns
host3,1,0,pk-host4-to-host1-#958,+1.19936e+09ns
host3,1,0,pk-host4-to-host1-#968,+1.19936e+09ns
host3,1,0,pk-host4-to-host1-#988,+1.19936e+09ns
host3,1,0,pk-host4-to-host1-#998,+1.19936e+09ns
host3,1,0,pk-host4-to-host1-#1008,+1.19936e+09ns
