Time,RouterName,PkgName,OutputIf
+0ns,host0,pk-host0-to-host1-#0,0
+0ns,host0,pk-host0-to-host1-#1,0
+0ns,host1,pk-host1-to-host2-#2,2
+0ns,host1,pk-host1-to-host2-#3,2
+0ns,host2,pk-host2-to-host1-#4,3
+0ns,host2,pk-host2-to-host1-#5,3
+0ns,host3,pk-host3-to-host1-#6,1
+0ns,host3,pk-host3-to-host1-#7,1
+0ns,host4,pk-host4-to-host1-#8,0
+0ns,host4,pk-host4-to-host1-#9,0
+1e+07ns,host0,pk-host0-to-host1-#10,0
+1e+07ns,host0,pk-host0-to-host1-#11,0
+1e+07ns,host1,pk-host1-to-host2-#12,2
+1e+07ns,host1,pk-host1-to-host2-#13,2
+1e+07ns,host2,pk-host2-to-host1-#14,3
+1e+07ns,host2,pk-host2-to-host1-#15,3
+1e+07ns,host3,pk-host3-to-host1-#16,1
+1e+07ns,host3,pk-host3-to-host1-#17,1
+1e+07ns,host4,pk-host4-to-host1-#18,0
+1e+07ns,host4,pk-host4-to-host1-#19,0
+1.26438e+07ns,host1,pk-host0-to-host1-#0,-1
+1.26438e+07ns,host2,pk-host1-to-host2-#2,-1
+1.26438e+07ns,host1,pk-host2-to-host1-#4,-1
+1.26438e+07ns,host1,pk-host3-to-host1-#6,-1
+1.26438e+07ns,host3,pk-host4-to-host1-#8,1
+2e+07ns,host0,pk-host0-to-host1-#20,0
+2e+07ns,host0,pk-host0-to-host1-#21,0
+2e+07ns,host1,pk-host1-to-host2-#22,2
+2e+07ns,host1,pk-host1-to-host2-#23,2
+2e+07ns,host2,pk-host2-to-host1-#24,3
+2e+07ns,host2,pk-host2-to-host1-#25,3
+2e+07ns,host3,pk-host3-to-host1-#26,1
+2e+07ns,host3,pk-host3-to-host1-#27,1
+2e+07ns,host4,pk-host4-to-host1-#28,0
+2e+07ns,host4,pk-host4-to-host1-#29,0
+2.46438e+07ns,host1,pk-host0-to-host1-#1,-1
+2.46438e+07ns,host2,pk-host1-to-host2-#3,-1
+2.46438e+07ns,host1,pk-host2-to-host1-#5,-1
+2.46438e+07ns,host1,pk-host3-to-host1-#7,-1
+2.46438e+07ns,host3,pk-host4-to-host1-#9,1
+3e+07ns,host0,pk-host0-to-host1-#30,0
+3e+07ns,host0,pk-host0-to-host1-#31,0
+3e+07ns,host1,pk-host1-to-host2-#32,2
+3e+07ns,host1,pk-host1-to-host2-#33,2
+3e+07ns,host2,pk-host2-to-host1-#34,3
+3e+07ns,host2,pk-host2-to-host1-#35,3
+3e+07ns,host3,pk-host3-to-host1-#36,1
+3e+07ns,host3,pk-host3-to-host1-#37,1
+3e+07ns,host4,pk-host4-to-host1-#38,0
+3e+07ns,host4,pk-host4-to-host1-#39,0
+3.66438e+07ns,host1,pk-host0-to-host1-#10,-1
+3.66438e+07ns,host2,pk-host1-to-host2-#12,-1
+3.66438e+07ns,host1,pk-host2-to-host1-#14,-1
+3.66438e+07ns,host1,pk-host3-to-host1-#16,-1
+3.66438e+07ns,host3,pk-host4-to-host1-#18,1
+4e+07ns,host0,pk-host0-to-host1-#40,0
+4e+07ns,host0,pk-host0-to-host1-#41,0
+4e+07ns,host1,pk-host1-to-host2-#42,2
+4e+07ns,host1,pk-host1-to-host2-#43,2
+4e+07ns,host2,pk-host2-to-host1-#44,3
+4e+07ns,host2,pk-host2-to-host1-#45,3
+4e+07ns,host3,pk-host3-to-host1-#46,1
+4e+07ns,host3,pk-host3-to-host1-#47,1
+4e+07ns,host4,pk-host4-to-host1-#48,0
+4e+07ns,host4,pk-host4-to-host1-#49,0
+4.86438e+07ns,host1,pk-host0-to-host1-#11,-1
+4.86438e+07ns,host2,pk-host1-to-host2-#13,-1
+4.86438e+07ns,host1,pk-host2-to-host1-#15,-1
+4.86438e+07ns,host1,pk-host3-to-host1-#17,-1
+4.86438e+07ns,host3,pk-host4-to-host1-#19,1
+5e+07ns,host0,pk-host0-to-host1-#50,0
+5e+07ns,host0,pk-host0-to-host1-#51,0
+5e+07ns,host1,pk-host1-to-host2-#52,2
+5e+07ns,host1,pk-host1-to-host2-#53,2
+5e+07ns,host2,pk-host2-to-host1-#54,3
+5e+07ns,host2,pk-host2-to-host1-#55,3
+5e+07ns,host3,pk-host3-to-host1-#56,1
+5e+07ns,host3,pk-host3-to-host1-#57,1
+5e+07ns,host4,pk-host4-to-host1-#58,0
+5e+07ns,host4,pk-host4-to-host1-#59,0
+6e+07ns,host0,pk-host0-to-host1-#60,0
+6e+07ns,host0,pk-host0-to-host1-#61,0
+6e+07ns,host1,pk-host1-to-host2-#62,2
+6e+07ns,host1,pk-host1-to-host2-#63,2
+6e+07ns,host2,pk-host2-to-host1-#64,3
+6e+07ns,host2,pk-host2-to-host1-#65,3
+6e+07ns,host3,pk-host3-to-host1-#66,1
+6e+07ns,host3,pk-host3-to-host1-#67,1
+6e+07ns,host4,pk-host4-to-host1-#68,0
+6e+07ns,host4,pk-host4-to-host1-#69,0
+6.06438e+07ns,host1,pk-host0-to-host1-#20,-1
+6.06438e+07ns,host2,pk-host1-to-host2-#22,-1
+6.06438e+07ns,host1,pk-host2-to-host1-#24,-1
+6.06438e+07ns,host1,pk-host4-to-host1-#8,-1
+6.06438e+07ns,host3,pk-host4-to-host1-#28,1
+7e+07ns,host0,pk-host0-to-host1-#70,0
+7e+07ns,host0,pk-host0-to-host1-#71,0
+7e+07ns,host1,pk-host1-to-host2-#72,2
+7e+07ns,host1,pk-host1-to-host2-#73,2
+7e+07ns,host2,pk-host2-to-host1-#74,3
+7e+07ns,host2,pk-host2-to-host1-#75,3
+7e+07ns,host3,pk-host3-to-host1-#76,1
+7e+07ns,host3,pk-host3-to-host1-#77,1
+7e+07ns,host4,pk-host4-to-host1-#78,0
+7e+07ns,host4,pk-host4-to-host1-#79,0
+7.26438e+07ns,host1,pk-host0-to-host1-#21,-1
+7.26438e+07ns,host2,pk-host1-to-host2-#23,-1
+7.26438e+07ns,host1,pk-host2-to-host1-#25,-1
+7.26438e+07ns,host1,pk-host3-to-host1-#26,-1
+7.26438e+07ns,host3,pk-host4-to-host1-#29,1
+8e+07ns,host0,pk-host0-to-host1-#80,0
+8e+07ns,host0,pk-host0-to-host1-#81,0
+8e+07ns,host1,pk-host1-to-host2-#82,2
+8e+07ns,host1,pk-host1-to-host2-#83,2
+8e+07ns,host2,pk-host2-to-host1-#84,3
+8e+07ns,host2,pk-host2-to-host1-#85,3
+8e+07ns,host3,pk-host3-to-host1-#86,1
+8e+07ns,host3,pk-host3-to-host1-#87,1
+8e+07ns,host4,pk-host4-to-host1-#88,0
+8e+07ns,host4,pk-host4-to-host1-#89,0
+8.46438e+07ns,host1,pk-host0-to-host1-#30,-1
+8.46438e+07ns,host2,pk-host1-to-host2-#32,-1
+8.46438e+07ns,host1,pk-host2-to-host1-#34,-1
+8.46438e+07ns,host1,pk-host3-to-host1-#27,-1
+8.46438e+07ns,host3,pk-host4-to-host1-#38,1
+9e+07ns,host0,pk-host0-to-host1-#90,0
+9e+07ns,host0,pk-host0-to-host1-#91,0
+9e+07ns,host1,pk-host1-to-host2-#92,2
+9e+07ns,host1,pk-host1-to-host2-#93,2
+9e+07ns,host2,pk-host2-to-host1-#94,3
+9e+07ns,host2,pk-host2-to-host1-#95,3
+9e+07ns,host3,pk-host3-to-host1-#96,1
+9e+07ns,host3,pk-host3-to-host1-#97,1
+9e+07ns,host4,pk-host4-to-host1-#98,0
+9e+07ns,host4,pk-host4-to-host1-#99,0
+9.66438e+07ns,host1,pk-host0-to-host1-#31,-1
+9.66438e+07ns,host2,pk-host1-to-host2-#33,-1
+9.66438e+07ns,host1,pk-host2-to-host1-#35,-1
+9.66438e+07ns,host1,pk-host4-to-host1-#9,-1
+9.66438e+07ns,host3,pk-host4-to-host1-#39,1
+1e+08ns,host0,pk-host0-to-host1-#100,0
+1e+08ns,host0,pk-host0-to-host1-#101,0
+1e+08ns,host1,pk-host1-to-host2-#102,2
+1e+08ns,host1,pk-host1-to-host2-#103,2
+1e+08ns,host2,pk-host2-to-host1-#104,3
+1e+08ns,host2,pk-host2-to-host1-#105,3
+1e+08ns,host3,pk-host3-to-host1-#106,1
+1e+08ns,host3,pk-host3-to-host1-#107,1
+1e+08ns,host4,pk-host4-to-host1-#108,0
+1e+08ns,host4,pk-host4-to-host1-#109,0
+1.08644e+08ns,host1,pk-host0-to-host1-#40,-1
+1.08644e+08ns,host2,pk-host1-to-host2-#42,-1
+1.08644e+08ns,host1,pk-host2-to-host1-#44,-1
+1.08644e+08ns,host1,pk-host3-to-host1-#36,-1
+1.08644e+08ns,host3,pk-host4-to-host1-#48,1
+1.1e+08ns,host0,pk-host0-to-host1-#110,0
+1.1e+08ns,host0,pk-host0-to-host1-#111,0
+1.1e+08ns,host1,pk-host1-to-host2-#112,2
+1.1e+08ns,host1,pk-host1-to-host2-#113,2
+1.1e+08ns,host2,pk-host2-to-host1-#114,3
+1.1e+08ns,host2,pk-host2-to-host1-#115,3
+1.1e+08ns,host3,pk-host3-to-host1-#116,1
+1.1e+08ns,host3,pk-host3-to-host1-#117,1
+1.1e+08ns,host4,pk-host4-to-host1-#118,0
+1.1e+08ns,host4,pk-host4-to-host1-#119,0
+1.2e+08ns,host0,pk-host0-to-host1-#120,0
+1.2e+08ns,host0,pk-host0-to-host1-#121,0
+1.2e+08ns,host1,pk-host1-to-host2-#122,2
+1.2e+08ns,host1,pk-host1-to-host2-#123,2
+1.2e+08ns,host2,pk-host2-to-host1-#124,3
+1.2e+08ns,host2,pk-host2-to-host1-#125,3
+1.2e+08ns,host3,pk-host3-to-host1-#126,1
+1.2e+08ns,host3,pk-host3-to-host1-#127,1
+1.2e+08ns,host4,pk-host4-to-host1-#128,0
+1.2e+08ns,host4,pk-host4-to-host1-#129,0
+1.20644e+08ns,host1,pk-host0-to-host1-#41,-1
+1.20644e+08ns,host2,pk-host1-to-host2-#43,-1
+1.20644e+08ns,host1,pk-host2-to-host1-#45,-1
+1.20644e+08ns,host1,pk-host3-to-host1-#37,-1
+1.20644e+08ns,host3,pk-host4-to-host1-#49,1
+1.3e+08ns,host0,pk-host0-to-host1-#130,0
+1.3e+08ns,host0,pk-host0-to-host1-#131,0
+1.3e+08ns,host1,pk-host1-to-host2-#132,2
+1.3e+08ns,host1,pk-host1-to-host2-#133,2
+1.3e+08ns,host2,pk-host2-to-host1-#134,3
+1.3e+08ns,host2,pk-host2-to-host1-#135,3
+1.3e+08ns,host3,pk-host3-to-host1-#136,1
+1.3e+08ns,host3,pk-host3-to-host1-#137,1
+1.3e+08ns,host4,pk-host4-to-host1-#138,0
+1.3e+08ns,host4,pk-host4-to-host1-#139,0
+1.32644e+08ns,host1,pk-host0-to-host1-#50,-1
+1.32644e+08ns,host2,pk-host1-to-host2-#52,-1
+1.32644e+08ns,host1,pk-host2-to-host1-#54,-1
+1.32644e+08ns,host1,pk-host4-to-host1-#18,-1
+1.32644e+08ns,host3,pk-host4-to-host1-#58,1
+1.4e+08ns,host0,pk-host0-to-host1-#140,0
+1.4e+08ns,host0,pk-host0-to-host1-#141,0
+1.4e+08ns,host1,pk-host1-to-host2-#142,2
+1.4e+08ns,host1,pk-host1-to-host2-#143,2
+1.4e+08ns,host2,pk-host2-to-host1-#144,3
+1.4e+08ns,host2,pk-host2-to-host1-#145,3
+1.4e+08ns,host3,pk-host3-to-host1-#146,1
+1.4e+08ns,host3,pk-host3-to-host1-#147,1
+1.4e+08ns,host4,pk-host4-to-host1-#148,0
+1.4e+08ns,host4,pk-host4-to-host1-#149,0
+1.44644e+08ns,host1,pk-host0-to-host1-#51,-1
+1.44644e+08ns,host2,pk-host1-to-host2-#53,-1
+1.44644e+08ns,host1,pk-host2-to-host1-#55,-1
+1.44644e+08ns,host1,pk-host3-to-host1-#46,-1
+1.44644e+08ns,host3,pk-host4-to-host1-#59,1
+1.5e+08ns,host0,pk-host0-to-host1-#150,0
+1.5e+08ns,host0,pk-host0-to-host1-#151,0
+1.5e+08ns,host1,pk-host1-to-host2-#152,2
+1.5e+08ns,host1,pk-host1-to-host2-#153,2
+1.5e+08ns,host2,pk-host2-to-host1-#154,3
+1.5e+08ns,host2,pk-host2-to-host1-#155,3
+1.5e+08ns,host3,pk-host3-to-host1-#156,1
+1.5e+08ns,host3,pk-host3-to-host1-#157,1
+1.5e+08ns,host4,pk-host4-to-host1-#158,0
+1.5e+08ns,host4,pk-host4-to-host1-#159,0
+1.56644e+08ns,host1,pk-host0-to-host1-#60,-1
+1.56644e+08ns,host2,pk-host1-to-host2-#62,-1
+1.56644e+08ns,host1,pk-host2-to-host1-#64,-1
+1.56644e+08ns,host1,pk-host3-to-host1-#47,-1
+1.56644e+08ns,host3,pk-host4-to-host1-#68,1
+1.6e+08ns,host0,pk-host0-to-host1-#160,0
+1.6e+08ns,host0,pk-host0-to-host1-#161,0
+1.6e+08ns,host1,pk-host1-to-host2-#162,2
+1.6e+08ns,host1,pk-host1-to-host2-#163,2
+1.6e+08ns,host2,pk-host2-to-host1-#164,3
+1.6e+08ns,host2,pk-host2-to-host1-#165,3
+1.6e+08ns,host3,pk-host3-to-host1-#166,1
+1.6e+08ns,host3,pk-host3-to-host1-#167,1
+1.6e+08ns,host4,pk-host4-to-host1-#168,0
+1.6e+08ns,host4,pk-host4-to-host1-#169,0
+1.68644e+08ns,host1,pk-host0-to-host1-#61,-1
+1.68644e+08ns,host2,pk-host1-to-host2-#63,-1
+1.68644e+08ns,host1,pk-host2-to-host1-#65,-1
+1.68644e+08ns,host1,pk-host4-to-host1-#19,-1
+1.68644e+08ns,host3,pk-host4-to-host1-#69,1
+1.7e+08ns,host0,pk-host0-to-host1-#170,0
+1.7e+08ns,host0,pk-host0-to-host1-#171,0
+1.7e+08ns,host1,pk-host1-to-host2-#172,2
+1.7e+08ns,host1,pk-host1-to-host2-#173,2
+1.7e+08ns,host2,pk-host2-to-host1-#174,3
+1.7e+08ns,host2,pk-host2-to-host1-#175,3
+1.7e+08ns,host3,pk-host3-to-host1-#176,1
+1.7e+08ns,host3,pk-host3-to-host1-#177,1
+1.7e+08ns,host4,pk-host4-to-host1-#178,0
+1.7e+08ns,host4,pk-host4-to-host1-#179,0
+1.8e+08ns,host0,pk-host0-to-host1-#180,0
+1.8e+08ns,host0,pk-host0-to-host1-#181,0
+1.8e+08ns,host1,pk-host1-to-host2-#182,2
+1.8e+08ns,host1,pk-host1-to-host2-#183,2
+1.8e+08ns,host2,pk-host2-to-host1-#184,3
+1.8e+08ns,host2,pk-host2-to-host1-#185,3
+1.8e+08ns,host3,pk-host3-to-host1-#186,1
+1.8e+08ns,host3,pk-host3-to-host1-#187,1
+1.8e+08ns,host4,pk-host4-to-host1-#188,0
+1.8e+08ns,host4,pk-host4-to-host1-#189,0
+1.80644e+08ns,host1,pk-host0-to-host1-#70,-1
+1.80644e+08ns,host2,pk-host1-to-host2-#72,-1
+1.80644e+08ns,host1,pk-host2-to-host1-#74,-1
+1.80644e+08ns,host1,pk-host3-to-host1-#56,-1
+1.80644e+08ns,host3,pk-host4-to-host1-#78,1
+1.9e+08ns,host0,pk-host0-to-host1-#190,0
+1.9e+08ns,host0,pk-host0-to-host1-#191,0
+1.9e+08ns,host1,pk-host1-to-host2-#192,2
+1.9e+08ns,host1,pk-host1-to-host2-#193,2
+1.9e+08ns,host2,pk-host2-to-host1-#194,3
+1.9e+08ns,host2,pk-host2-to-host1-#195,3
+1.9e+08ns,host3,pk-host3-to-host1-#196,1
+1.9e+08ns,host3,pk-host3-to-host1-#197,1
+1.9e+08ns,host4,pk-host4-to-host1-#198,0
+1.9e+08ns,host4,pk-host4-to-host1-#199,0
+1.92644e+08ns,host1,pk-host0-to-host1-#71,-1
+1.92644e+08ns,host2,pk-host1-to-host2-#73,-1
+1.92644e+08ns,host1,pk-host2-to-host1-#75,-1
+1.92644e+08ns,host1,pk-host3-to-host1-#57,-1
+1.92644e+08ns,host3,pk-host4-to-host1-#79,1
+2e+08ns,host0,pk-host0-to-host1-#200,0
+2e+08ns,host0,pk-host0-to-host1-#201,0
+2e+08ns,host1,pk-host1-to-host2-#202,2
+2e+08ns,host1,pk-host1-to-host2-#203,2
+2e+08ns,host2,pk-host2-to-host1-#204,3
+2e+08ns,host2,pk-host2-to-host1-#205,3
+2e+08ns,host3,pk-host3-to-host1-#206,1
+2e+08ns,host3,pk-host3-to-host1-#207,1
+2e+08ns,host4,pk-host4-to-host1-#208,0
+2e+08ns,host4,pk-host4-to-host1-#209,0
+2.04644e+08ns,host1,pk-host0-to-host1-#80,-1
+2.04644e+08ns,host2,pk-host1-to-host2-#82,-1
+2.04644e+08ns,host1,pk-host2-to-host1-#84,-1
+2.04644e+08ns,host1,pk-host3-to-host1-#66,-1
+2.04644e+08ns,host3,pk-host4-to-host1-#88,1
+2.1e+08ns,host0,pk-host0-to-host1-#210,0
+2.1e+08ns,host0,pk-host0-to-host1-#211,0
+2.1e+08ns,host1,pk-host1-to-host2-#212,2
+2.1e+08ns,host1,pk-host1-to-host2-#213,2
+2.1e+08ns,host2,pk-host2-to-host1-#214,3
+2.1e+08ns,host2,pk-host2-to-host1-#215,3
+2.1e+08ns,host3,pk-host3-to-host1-#216,1
+2.1e+08ns,host3,pk-host3-to-host1-#217,1
+2.1e+08ns,host4,pk-host4-to-host1-#218,0
+2.1e+08ns,host4,pk-host4-to-host1-#219,0
+2.16644e+08ns,host1,pk-host0-to-host1-#81,-1
+2.16644e+08ns,host2,pk-host1-to-host2-#83,-1
+2.16644e+08ns,host1,pk-host2-to-host1-#85,-1
+2.16644e+08ns,host1,pk-host3-to-host1-#67,-1
+2.16644e+08ns,host3,pk-host4-to-host1-#89,1
+2.2e+08ns,host0,pk-host0-to-host1-#220,0
+2.2e+08ns,host0,pk-host0-to-host1-#221,0
+2.2e+08ns,host1,pk-host1-to-host2-#222,2
+2.2e+08ns,host1,pk-host1-to-host2-#223,2
+2.2e+08ns,host2,pk-host2-to-host1-#224,3
+2.2e+08ns,host2,pk-host2-to-host1-#225,3
+2.2e+08ns,host3,pk-host3-to-host1-#226,1
+2.2e+08ns,host3,pk-host3-to-host1-#227,1
+2.2e+08ns,host4,pk-host4-to-host1-#228,0
+2.2e+08ns,host4,pk-host4-to-host1-#229,0
+2.28644e+08ns,host1,pk-host0-to-host1-#90,-1
+2.28644e+08ns,host2,pk-host1-to-host2-#92,-1
+2.28644e+08ns,host1,pk-host2-to-host1-#94,-1
+2.28644e+08ns,host1,pk-host4-to-host1-#28,-1
+2.28644e+08ns,host3,pk-host4-to-host1-#98,1
+2.3e+08ns,host0,pk-host0-to-host1-#230,0
+2.3e+08ns,host0,pk-host0-to-host1-#231,0
+2.3e+08ns,host1,pk-host1-to-host2-#232,2
+2.3e+08ns,host1,pk-host1-to-host2-#233,2
+2.3e+08ns,host2,pk-host2-to-host1-#234,3
+2.3e+08ns,host2,pk-host2-to-host1-#235,3
+2.3e+08ns,host3,pk-host3-to-host1-#236,1
+2.3e+08ns,host3,pk-host3-to-host1-#237,1
+2.3e+08ns,host4,pk-host4-to-host1-#238,0
+2.3e+08ns,host4,pk-host4-to-host1-#239,0
+2.4e+08ns,host0,pk-host0-to-host1-#240,0
+2.4e+08ns,host0,pk-host0-to-host1-#241,0
+2.4e+08ns,host1,pk-host1-to-host2-#242,2
+2.4e+08ns,host1,pk-host1-to-host2-#243,2
+2.4e+08ns,host2,pk-host2-to-host1-#244,3
+2.4e+08ns,host2,pk-host2-to-host1-#245,3
+2.4e+08ns,host3,pk-host3-to-host1-#246,1
+2.4e+08ns,host3,pk-host3-to-host1-#247,1
+2.4e+08ns,host4,pk-host4-to-host1-#248,0
+2.4e+08ns,host4,pk-host4-to-host1-#249,0
+2.40644e+08ns,host1,pk-host0-to-host1-#91,-1
+2.40644e+08ns,host2,pk-host1-to-host2-#93,-1
+2.40644e+08ns,host1,pk-host2-to-host1-#95,-1
+2.40644e+08ns,host1,pk-host3-to-host1-#76,-1
+2.40644e+08ns,host3,pk-host4-to-host1-#99,1
+2.5e+08ns,host0,pk-host0-to-host1-#250,0
+2.5e+08ns,host0,pk-host0-to-host1-#251,0
+2.5e+08ns,host1,pk-host1-to-host2-#252,2
+2.5e+08ns,host1,pk-host1-to-host2-#253,2
+2.5e+08ns,host2,pk-host2-to-host1-#254,3
+2.5e+08ns,host2,pk-host2-to-host1-#255,3
+2.5e+08ns,host3,pk-host3-to-host1-#256,1
+2.5e+08ns,host3,pk-host3-to-host1-#257,1
+2.5e+08ns,host4,pk-host4-to-host1-#258,0
+2.5e+08ns,host4,pk-host4-to-host1-#259,0
+2.52644e+08ns,host1,pk-host0-to-host1-#100,-1
+2.52644e+08ns,host2,pk-host1-to-host2-#102,-1
+2.52644e+08ns,host1,pk-host2-to-host1-#104,-1
+2.52644e+08ns,host1,pk-host3-to-host1-#77,-1
+2.52644e+08ns,host3,pk-host4-to-host1-#108,1
+2.6e+08ns,host0,pk-host0-to-host1-#260,0
+2.6e+08ns,host0,pk-host0-to-host1-#261,0
+2.6e+08ns,host1,pk-host1-to-host2-#262,2
+2.6e+08ns,host1,pk-host1-to-host2-#263,2
+2.6e+08ns,host2,pk-host2-to-host1-#264,3
+2.6e+08ns,host2,pk-host2-to-host1-#265,3
+2.6e+08ns,host3,pk-host3-to-host1-#266,1
+2.6e+08ns,host3,pk-host3-to-host1-#267,1
+2.6e+08ns,host4,pk-host4-to-host1-#268,0
+2.6e+08ns,host4,pk-host4-to-host1-#269,0
+2.64644e+08ns,host1,pk-host0-to-host1-#101,-1
+2.64644e+08ns,host2,pk-host1-to-host2-#103,-1
+2.64644e+08ns,host1,pk-host2-to-host1-#105,-1
+2.64644e+08ns,host1,pk-host4-to-host1-#29,-1
+2.64644e+08ns,host3,pk-host4-to-host1-#109,1
+2.7e+08ns,host0,pk-host0-to-host1-#270,0
+2.7e+08ns,host0,pk-host0-to-host1-#271,0
+2.7e+08ns,host1,pk-host1-to-host2-#272,2
+2.7e+08ns,host1,pk-host1-to-host2-#273,2
+2.7e+08ns,host2,pk-host2-to-host1-#274,3
+2.7e+08ns,host2,pk-host2-to-host1-#275,3
+2.7e+08ns,host3,pk-host3-to-host1-#276,1
+2.7e+08ns,host3,pk-host3-to-host1-#277,1
+2.7e+08ns,host4,pk-host4-to-host1-#278,0
+2.7e+08ns,host4,pk-host4-to-host1-#279,0
+2.76644e+08ns,host1,pk-host0-to-host1-#110,-1
+2.76644e+08ns,host2,pk-host1-to-host2-#112,-1
+2.76644e+08ns,host1,pk-host2-to-host1-#114,-1
+2.76644e+08ns,host1,pk-host3-to-host1-#86,-1
+2.76644e+08ns,host3,pk-host4-to-host1-#118,1
+2.8e+08ns,host0,pk-host0-to-host1-#280,0
+2.8e+08ns,host0,pk-host0-to-host1-#281,0
+2.8e+08ns,host1,pk-host1-to-host2-#282,2
+2.8e+08ns,host1,pk-host1-to-host2-#283,2
+2.8e+08ns,host2,pk-host2-to-host1-#284,3
+2.8e+08ns,host2,pk-host2-to-host1-#285,3
+2.8e+08ns,host3,pk-host3-to-host1-#286,1
+2.8e+08ns,host3,pk-host3-to-host1-#287,1
+2.8e+08ns,host4,pk-host4-to-host1-#288,0
+2.8e+08ns,host4,pk-host4-to-host1-#289,0
+2.88644e+08ns,host1,pk-host0-to-host1-#111,-1
+2.88644e+08ns,host2,pk-host1-to-host2-#113,-1
+2.88644e+08ns,host1,pk-host2-to-host1-#115,-1
+2.88644e+08ns,host1,pk-host3-to-host1-#87,-1
+2.88644e+08ns,host3,pk-host4-to-host1-#119,1
+2.9e+08ns,host0,pk-host0-to-host1-#290,0
+2.9e+08ns,host0,pk-host0-to-host1-#291,0
+2.9e+08ns,host1,pk-host1-to-host2-#292,2
+2.9e+08ns,host1,pk-host1-to-host2-#293,2
+2.9e+08ns,host2,pk-host2-to-host1-#294,3
+2.9e+08ns,host2,pk-host2-to-host1-#295,3
+2.9e+08ns,host3,pk-host3-to-host1-#296,1
+2.9e+08ns,host3,pk-host3-to-host1-#297,1
+2.9e+08ns,host4,pk-host4-to-host1-#298,0
+2.9e+08ns,host4,pk-host4-to-host1-#299,0
+3e+08ns,host0,pk-host0-to-host1-#300,0
+3e+08ns,host0,pk-host0-to-host1-#301,0
+3e+08ns,host1,pk-host1-to-host2-#302,2
+3e+08ns,host1,pk-host1-to-host2-#303,2
+3e+08ns,host2,pk-host2-to-host1-#304,3
+3e+08ns,host2,pk-host2-to-host1-#305,3
+3e+08ns,host3,pk-host3-to-host1-#306,1
+3e+08ns,host3,pk-host3-to-host1-#307,1
+3e+08ns,host4,pk-host4-to-host1-#308,0
+3e+08ns,host4,pk-host4-to-host1-#309,0
+3.00644e+08ns,host1,pk-host0-to-host1-#120,-1
+3.00644e+08ns,host2,pk-host1-to-host2-#122,-1
+3.00644e+08ns,host1,pk-host2-to-host1-#124,-1
+3.00644e+08ns,host1,pk-host4-to-host1-#38,-1
+3.00644e+08ns,host3,pk-host4-to-host1-#128,1
+3.1e+08ns,host0,pk-host0-to-host1-#310,0
+3.1e+08ns,host0,pk-host0-to-host1-#311,0
+3.1e+08ns,host1,pk-host1-to-host2-#312,2
+3.1e+08ns,host1,pk-host1-to-host2-#313,2
+3.1e+08ns,host2,pk-host2-to-host1-#314,3
+3.1e+08ns,host2,pk-host2-to-host1-#315,3
+3.1e+08ns,host3,pk-host3-to-host1-#316,1
+3.1e+08ns,host3,pk-host3-to-host1-#317,1
+3.1e+08ns,host4,pk-host4-to-host1-#318,0
+3.1e+08ns,host4,pk-host4-to-host1-#319,0
+3.12644e+08ns,host1,pk-host0-to-host1-#121,-1
+3.12644e+08ns,host2,pk-host1-to-host2-#123,-1
+3.12644e+08ns,host1,pk-host2-to-host1-#125,-1
+3.12644e+08ns,host1,pk-host3-to-host1-#96,-1
+3.12644e+08ns,host3,pk-host4-to-host1-#129,1
+3.2e+08ns,host0,pk-host0-to-host1-#320,0
+3.2e+08ns,host0,pk-host0-to-host1-#321,0
+3.2e+08ns,host1,pk-host1-to-host2-#322,2
+3.2e+08ns,host1,pk-host1-to-host2-#323,2
+3.2e+08ns,host2,pk-host2-to-host1-#324,3
+3.2e+08ns,host2,pk-host2-to-host1-#325,3
+3.2e+08ns,host3,pk-host3-to-host1-#326,1
+3.2e+08ns,host3,pk-host3-to-host1-#327,1
+3.2e+08ns,host4,pk-host4-to-host1-#328,0
+3.2e+08ns,host4,pk-host4-to-host1-#329,0
+3.24644e+08ns,host1,pk-host0-to-host1-#130,-1
+3.24644e+08ns,host2,pk-host1-to-host2-#132,-1
+3.24644e+08ns,host1,pk-host2-to-host1-#134,-1
+3.24644e+08ns,host1,pk-host3-to-host1-#97,-1
+3.24644e+08ns,host3,pk-host4-to-host1-#138,1
+3.3e+08ns,host0,pk-host0-to-host1-#330,0
+3.3e+08ns,host0,pk-host0-to-host1-#331,0
+3.3e+08ns,host1,pk-host1-to-host2-#332,2
+3.3e+08ns,host1,pk-host1-to-host2-#333,2
+3.3e+08ns,host2,pk-host2-to-host1-#334,3
+3.3e+08ns,host2,pk-host2-to-host1-#335,3
+3.3e+08ns,host3,pk-host3-to-host1-#336,1
+3.3e+08ns,host3,pk-host3-to-host1-#337,1
+3.3e+08ns,host4,pk-host4-to-host1-#338,0
+3.3e+08ns,host4,pk-host4-to-host1-#339,0
+3.36644e+08ns,host1,pk-host0-to-host1-#131,-1
+3.36644e+08ns,host2,pk-host1-to-host2-#133,-1
+3.36644e+08ns,host1,pk-host2-to-host1-#135,-1
+3.36644e+08ns,host1,pk-host4-to-host1-#39,-1
+3.36644e+08ns,host3,pk-host4-to-host1-#139,1
+3.4e+08ns,host0,pk-host0-to-host1-#340,0
+3.4e+08ns,host0,pk-host0-to-host1-#341,0
+3.4e+08ns,host1,pk-host1-to-host2-#342,2
+3.4e+08ns,host1,pk-host1-to-host2-#343,2
+3.4e+08ns,host2,pk-host2-to-host1-#344,3
+3.4e+08ns,host2,pk-host2-to-host1-#345,3
+3.4e+08ns,host3,pk-host3-to-host1-#346,1
+3.4e+08ns,host3,pk-host3-to-host1-#347,1
+3.4e+08ns,host4,pk-host4-to-host1-#348,0
+3.4e+08ns,host4,pk-host4-to-host1-#349,0
+3.48644e+08ns,host1,pk-host0-to-host1-#140,-1
+3.48644e+08ns,host2,pk-host1-to-host2-#142,-1
+3.48644e+08ns,host1,pk-host2-to-host1-#144,-1
+3.48644e+08ns,host1,pk-host3-to-host1-#106,-1
+3.48644e+08ns,host3,pk-host4-to-host1-#148,1
+3.5e+08ns,host0,pk-host0-to-host1-#350,0
+3.5e+08ns,host0,pk-host0-to-host1-#351,0
+3.5e+08ns,host1,pk-host1-to-host2-#352,2
+3.5e+08ns,host1,pk-host1-to-host2-#353,2
+3.5e+08ns,host2,pk-host2-to-host1-#354,3
+3.5e+08ns,host2,pk-host2-to-host1-#355,3
+3.5e+08ns,host3,pk-host3-to-host1-#356,1
+3.5e+08ns,host3,pk-host3-to-host1-#357,1
+3.5e+08ns,host4,pk-host4-to-host1-#358,0
+3.5e+08ns,host4,pk-host4-to-host1-#359,0
+3.6e+08ns,host0,pk-host0-to-host1-#360,0
+3.6e+08ns,host0,pk-host0-to-host1-#361,0
+3.6e+08ns,host1,pk-host1-to-host2-#362,2
+3.6e+08ns,host1,pk-host1-to-host2-#363,2
+3.6e+08ns,host2,pk-host2-to-host1-#364,3
+3.6e+08ns,host2,pk-host2-to-host1-#365,3
+3.6e+08ns,host3,pk-host3-to-host1-#366,1
+3.6e+08ns,host3,pk-host3-to-host1-#367,1
+3.6e+08ns,host4,pk-host4-to-host1-#368,0
+3.6e+08ns,host4,pk-host4-to-host1-#369,0
+3.60644e+08ns,host1,pk-host0-to-host1-#141,-1
+3.60644e+08ns,host2,pk-host1-to-host2-#143,-1
+3.60644e+08ns,host1,pk-host2-to-host1-#145,-1
+3.60644e+08ns,host1,pk-host3-to-host1-#107,-1
+3.60644e+08ns,host3,pk-host4-to-host1-#149,1
+3.7e+08ns,host0,pk-host0-to-host1-#370,0
+3.7e+08ns,host0,pk-host0-to-host1-#371,0
+3.7e+08ns,host1,pk-host1-to-host2-#372,2
+3.7e+08ns,host1,pk-host1-to-host2-#373,2
+3.7e+08ns,host2,pk-host2-to-host1-#374,3
+3.7e+08ns,host2,pk-host2-to-host1-#375,3
+3.7e+08ns,host3,pk-host3-to-host1-#376,1
+3.7e+08ns,host3,pk-host3-to-host1-#377,1
+3.7e+08ns,host4,pk-host4-to-host1-#378,0
+3.7e+08ns,host4,pk-host4-to-host1-#379,0
+3.72644e+08ns,host1,pk-host0-to-host1-#150,-1
+3.72644e+08ns,host2,pk-host1-to-host2-#152,-1
+3.72644e+08ns,host1,pk-host2-to-host1-#154,-1
+3.72644e+08ns,host1,pk-host4-to-host1-#48,-1
+3.72644e+08ns,host3,pk-host4-to-host1-#158,1
+3.8e+08ns,host0,pk-host0-to-host1-#380,0
+3.8e+08ns,host0,pk-host0-to-host1-#381,0
+3.8e+08ns,host1,pk-host1-to-host2-#382,2
+3.8e+08ns,host1,pk-host1-to-host2-#383,2
+3.8e+08ns,host2,pk-host2-to-host1-#384,3
+3.8e+08ns,host2,pk-host2-to-host1-#385,3
+3.8e+08ns,host3,pk-host3-to-host1-#386,1
+3.8e+08ns,host3,pk-host3-to-host1-#387,1
+3.8e+08ns,host4,pk-host4-to-host1-#388,0
+3.8e+08ns,host4,pk-host4-to-host1-#389,0
+3.84644e+08ns,host1,pk-host0-to-host1-#151,-1
+3.84644e+08ns,host2,pk-host1-to-host2-#153,-1
+3.84644e+08ns,host1,pk-host2-to-host1-#155,-1
+3.84644e+08ns,host1,pk-host3-to-host1-#116,-1
+3.84644e+08ns,host3,pk-host4-to-host1-#159,1
+3.9e+08ns,host0,pk-host0-to-host1-#390,0
+3.9e+08ns,host0,pk-host0-to-host1-#391,0
+3.9e+08ns,host1,pk-host1-to-host2-#392,2
+3.9e+08ns,host1,pk-host1-to-host2-#393,2
+3.9e+08ns,host2,pk-host2-to-host1-#394,3
+3.9e+08ns,host2,pk-host2-to-host1-#395,3
+3.9e+08ns,host3,pk-host3-to-host1-#396,1
+3.9e+08ns,host3,pk-host3-to-host1-#397,1
+3.9e+08ns,host4,pk-host4-to-host1-#398,0
+3.9e+08ns,host4,pk-host4-to-host1-#399,0
+3.96644e+08ns,host1,pk-host0-to-host1-#160,-1
+3.96644e+08ns,host2,pk-host1-to-host2-#162,-1
+3.96644e+08ns,host1,pk-host2-to-host1-#164,-1
+3.96644e+08ns,host1,pk-host3-to-host1-#117,-1
+3.96644e+08ns,host3,pk-host4-to-host1-#168,1
+4e+08ns,host0,pk-host0-to-host1-#400,0
+4e+08ns,host0,pk-host0-to-host1-#401,0
+4e+08ns,host1,pk-host1-to-host2-#402,2
+4e+08ns,host1,pk-host1-to-host2-#403,2
+4e+08ns,host2,pk-host2-to-host1-#404,3
+4e+08ns,host2,pk-host2-to-host1-#405,3
+4e+08ns,host3,pk-host3-to-host1-#406,1
+4e+08ns,host3,pk-host3-to-host1-#407,1
+4e+08ns,host4,pk-host4-to-host1-#408,0
+4e+08ns,host4,pk-host4-to-host1-#409,0
+4.08644e+08ns,host1,pk-host0-to-host1-#161,-1
+4.08644e+08ns,host2,pk-host1-to-host2-#163,-1
+4.08644e+08ns,host1,pk-host2-to-host1-#165,-1
+4.08644e+08ns,host1,pk-host3-to-host1-#126,-1
+4.08644e+08ns,host3,pk-host4-to-host1-#169,1
+4.1e+08ns,host0,pk-host0-to-host1-#410,0
+4.1e+08ns,host0,pk-host0-to-host1-#411,0
+4.1e+08ns,host1,pk-host1-to-host2-#412,2
+4.1e+08ns,host1,pk-host1-to-host2-#413,2
+4.1e+08ns,host2,pk-host2-to-host1-#414,3
+4.1e+08ns,host2,pk-host2-to-host1-#415,3
+4.1e+08ns,host3,pk-host3-to-host1-#416,1
+4.1e+08ns,host3,pk-host3-to-host1-#417,1
+4.1e+08ns,host4,pk-host4-to-host1-#418,0
+4.1e+08ns,host4,pk-host4-to-host1-#419,0
+4.2e+08ns,host0,pk-host0-to-host1-#420,0
+4.2e+08ns,host0,pk-host0-to-host1-#421,0
+4.2e+08ns,host1,pk-host1-to-host2-#422,2
+4.2e+08ns,host1,pk-host1-to-host2-#423,2
+4.2e+08ns,host2,pk-host2-to-host1-#424,3
+4.2e+08ns,host2,pk-host2-to-host1-#425,3
+4.2e+08ns,host3,pk-host3-to-host1-#426,1
+4.2e+08ns,host3,pk-host3-to-host1-#427,1
+4.2e+08ns,host4,pk-host4-to-host1-#428,0
+4.2e+08ns,host4,pk-host4-to-host1-#429,0
+4.20644e+08ns,host1,pk-host0-to-host1-#170,-1
+4.20644e+08ns,host2,pk-host1-to-host2-#172,-1
+4.20644e+08ns,host1,pk-host2-to-host1-#174,-1
+4.20644e+08ns,host1,pk-host3-to-host1-#127,-1
+4.20644e+08ns,host3,pk-host4-to-host1-#178,1
+4.3e+08ns,host0,pk-host0-to-host1-#430,0
+4.3e+08ns,host0,pk-host0-to-host1-#431,0
+4.3e+08ns,host1,pk-host1-to-host2-#432,2
+4.3e+08ns,host1,pk-host1-to-host2-#433,2
+4.3e+08ns,host2,pk-host2-to-host1-#434,3
+4.3e+08ns,host2,pk-host2-to-host1-#435,3
+4.3e+08ns,host3,pk-host3-to-host1-#436,1
+4.3e+08ns,host3,pk-host3-to-host1-#437,1
+4.3e+08ns,host4,pk-host4-to-host1-#438,0
+4.3e+08ns,host4,pk-host4-to-host1-#439,0
+4.32644e+08ns,host1,pk-host0-to-host1-#171,-1
+4.32644e+08ns,host2,pk-host1-to-host2-#173,-1
+4.32644e+08ns,host1,pk-host2-to-host1-#175,-1
+4.32644e+08ns,host1,pk-host4-to-host1-#49,-1
+4.32644e+08ns,host3,pk-host4-to-host1-#179,1
+4.4e+08ns,host0,pk-host0-to-host1-#440,0
+4.4e+08ns,host0,pk-host0-to-host1-#441,0
+4.4e+08ns,host1,pk-host1-to-host2-#442,2
+4.4e+08ns,host1,pk-host1-to-host2-#443,2
+4.4e+08ns,host2,pk-host2-to-host1-#444,3
+4.4e+08ns,host2,pk-host2-to-host1-#445,3
+4.4e+08ns,host3,pk-host3-to-host1-#446,1
+4.4e+08ns,host3,pk-host3-to-host1-#447,1
+4.4e+08ns,host4,pk-host4-to-host1-#448,0
+4.4e+08ns,host4,pk-host4-to-host1-#449,0
+4.44644e+08ns,host1,pk-host0-to-host1-#180,-1
+4.44644e+08ns,host2,pk-host1-to-host2-#182,-1
+4.44644e+08ns,host1,pk-host2-to-host1-#184,-1
+4.44644e+08ns,host1,pk-host3-to-host1-#136,-1
+4.44644e+08ns,host3,pk-host4-to-host1-#188,1
+4.5e+08ns,host0,pk-host0-to-host1-#450,0
+4.5e+08ns,host0,pk-host0-to-host1-#451,0
+4.5e+08ns,host1,pk-host1-to-host2-#452,2
+4.5e+08ns,host1,pk-host1-to-host2-#453,2
+4.5e+08ns,host2,pk-host2-to-host1-#454,3
+4.5e+08ns,host2,pk-host2-to-host1-#455,3
+4.5e+08ns,host3,pk-host3-to-host1-#456,1
+4.5e+08ns,host3,pk-host3-to-host1-#457,1
+4.5e+08ns,host4,pk-host4-to-host1-#458,0
+4.5e+08ns,host4,pk-host4-to-host1-#459,0
+4.56644e+08ns,host1,pk-host0-to-host1-#181,-1
+4.56644e+08ns,host2,pk-host1-to-host2-#183,-1
+4.56644e+08ns,host1,pk-host2-to-host1-#185,-1
+4.56644e+08ns,host1,pk-host3-to-host1-#137,-1
+4.56644e+08ns,host3,pk-host4-to-host1-#189,1
+4.6e+08ns,host0,pk-host0-to-host1-#460,0
+4.6e+08ns,host0,pk-host0-to-host1-#461,0
+4.6e+08ns,host1,pk-host1-to-host2-#462,2
+4.6e+08ns,host1,pk-host1-to-host2-#463,2
+4.6e+08ns,host2,pk-host2-to-host1-#464,3
+4.6e+08ns,host2,pk-host2-to-host1-#465,3
+4.6e+08ns,host3,pk-host3-to-host1-#466,1
+4.6e+08ns,host3,pk-host3-to-host1-#467,1
+4.6e+08ns,host4,pk-host4-to-host1-#468,0
+4.6e+08ns,host4,pk-host4-to-host1-#469,0
+4.68644e+08ns,host1,pk-host0-to-host1-#190,-1
+4.68644e+08ns,host2,pk-host1-to-host2-#192,-1
+4.68644e+08ns,host1,pk-host2-to-host1-#194,-1
+4.68644e+08ns,host1,pk-host4-to-host1-#58,-1
+4.68644e+08ns,host3,pk-host4-to-host1-#198,1
+4.7e+08ns,host0,pk-host0-to-host1-#470,0
+4.7e+08ns,host0,pk-host0-to-host1-#471,0
+4.7e+08ns,host1,pk-host1-to-host2-#472,2
+4.7e+08ns,host1,pk-host1-to-host2-#473,2
+4.7e+08ns,host2,pk-host2-to-host1-#474,3
+4.7e+08ns,host2,pk-host2-to-host1-#475,3
+4.7e+08ns,host3,pk-host3-to-host1-#476,1
+4.7e+08ns,host3,pk-host3-to-host1-#477,1
+4.7e+08ns,host4,pk-host4-to-host1-#478,0
+4.7e+08ns,host4,pk-host4-to-host1-#479,0
+4.8e+08ns,host0,pk-host0-to-host1-#480,0
+4.8e+08ns,host0,pk-host0-to-host1-#481,0
+4.8e+08ns,host1,pk-host1-to-host2-#482,2
+4.8e+08ns,host1,pk-host1-to-host2-#483,2
+4.8e+08ns,host2,pk-host2-to-host1-#484,3
+4.8e+08ns,host2,pk-host2-to-host1-#485,3
+4.8e+08ns,host3,pk-host3-to-host1-#486,1
+4.8e+08ns,host3,pk-host3-to-host1-#487,1
+4.8e+08ns,host4,pk-host4-to-host1-#488,0
+4.8e+08ns,host4,pk-host4-to-host1-#489,0
+4.80644e+08ns,host1,pk-host0-to-host1-#191,-1
+4.80644e+08ns,host2,pk-host1-to-host2-#193,-1
+4.80644e+08ns,host1,pk-host2-to-host1-#195,-1
+4.80644e+08ns,host1,pk-host3-to-host1-#146,-1
+4.80644e+08ns,host3,pk-host4-to-host1-#199,1
+4.9e+08ns,host0,pk-host0-to-host1-#490,0
+4.9e+08ns,host0,pk-host0-to-host1-#491,0
+4.9e+08ns,host1,pk-host1-to-host2-#492,2
+4.9e+08ns,host1,pk-host1-to-host2-#493,2
+4.9e+08ns,host2,pk-host2-to-host1-#494,3
+4.9e+08ns,host2,pk-host2-to-host1-#495,3
+4.9e+08ns,host3,pk-host3-to-host1-#496,1
+4.9e+08ns,host3,pk-host3-to-host1-#497,1
+4.9e+08ns,host4,pk-host4-to-host1-#498,0
+4.9e+08ns,host4,pk-host4-to-host1-#499,0
+4.92644e+08ns,host1,pk-host0-to-host1-#200,-1
+4.92644e+08ns,host2,pk-host1-to-host2-#202,-1
+4.92644e+08ns,host1,pk-host2-to-host1-#204,-1
+4.92644e+08ns,host1,pk-host3-to-host1-#147,-1
+4.92644e+08ns,host3,pk-host4-to-host1-#208,1
+5e+08ns,host0,pk-host0-to-host1-#500,0
+5e+08ns,host0,pk-host0-to-host1-#501,0
+5e+08ns,host1,pk-host1-to-host2-#502,2
+5e+08ns,host1,pk-host1-to-host2-#503,2
+5e+08ns,host2,pk-host2-to-host1-#504,3
+5e+08ns,host2,pk-host2-to-host1-#505,3
+5e+08ns,host3,pk-host3-to-host1-#506,1
+5e+08ns,host3,pk-host3-to-host1-#507,1
+5e+08ns,host4,pk-host4-to-host1-#508,0
+5e+08ns,host4,pk-host4-to-host1-#509,0
+5.04644e+08ns,host1,pk-host0-to-host1-#201,-1
+5.04644e+08ns,host2,pk-host1-to-host2-#203,-1
+5.04644e+08ns,host1,pk-host2-to-host1-#205,-1
+5.04644e+08ns,host1,pk-host4-to-host1-#59,-1
+5.04644e+08ns,host3,pk-host4-to-host1-#209,1
+5.1e+08ns,host0,pk-host0-to-host1-#510,0
+5.1e+08ns,host0,pk-host0-to-host1-#511,0
+5.1e+08ns,host1,pk-host1-to-host2-#512,2
+5.1e+08ns,host1,pk-host1-to-host2-#513,2
+5.1e+08ns,host2,pk-host2-to-host1-#514,3
+5.1e+08ns,host2,pk-host2-to-host1-#515,3
+5.1e+08ns,host3,pk-host3-to-host1-#516,1
+5.1e+08ns,host3,pk-host3-to-host1-#517,1
+5.1e+08ns,host4,pk-host4-to-host1-#518,0
+5.1e+08ns,host4,pk-host4-to-host1-#519,0
+5.16644e+08ns,host1,pk-host0-to-host1-#210,-1
+5.16644e+08ns,host2,pk-host1-to-host2-#212,-1
+5.16644e+08ns,host1,pk-host2-to-host1-#214,-1
+5.16644e+08ns,host1,pk-host3-to-host1-#156,-1
+5.16644e+08ns,host3,pk-host4-to-host1-#218,1
+5.2e+08ns,host0,pk-host0-to-host1-#520,0
+5.2e+08ns,host0,pk-host0-to-host1-#521,0
+5.2e+08ns,host1,pk-host1-to-host2-#522,2
+5.2e+08ns,host1,pk-host1-to-host2-#523,2
+5.2e+08ns,host2,pk-host2-to-host1-#524,3
+5.2e+08ns,host2,pk-host2-to-host1-#525,3
+5.2e+08ns,host3,pk-host3-to-host1-#526,1
+5.2e+08ns,host3,pk-host3-to-host1-#527,1
+5.2e+08ns,host4,pk-host4-to-host1-#528,0
+5.2e+08ns,host4,pk-host4-to-host1-#529,0
+5.28644e+08ns,host1,pk-host0-to-host1-#211,-1
+5.28644e+08ns,host2,pk-host1-to-host2-#213,-1
+5.28644e+08ns,host1,pk-host2-to-host1-#215,-1
+5.28644e+08ns,host1,pk-host3-to-host1-#157,-1
+5.28644e+08ns,host3,pk-host4-to-host1-#219,1
+5.3e+08ns,host0,pk-host0-to-host1-#530,0
+5.3e+08ns,host0,pk-host0-to-host1-#531,0
+5.3e+08ns,host1,pk-host1-to-host2-#532,2
+5.3e+08ns,host1,pk-host1-to-host2-#533,2
+5.3e+08ns,host2,pk-host2-to-host1-#534,3
+5.3e+08ns,host2,pk-host2-to-host1-#535,3
+5.3e+08ns,host3,pk-host3-to-host1-#536,1
+5.3e+08ns,host3,pk-host3-to-host1-#537,1
+5.3e+08ns,host4,pk-host4-to-host1-#538,0
+5.3e+08ns,host4,pk-host4-to-host1-#539,0
+5.4e+08ns,host0,pk-host0-to-host1-#540,0
+5.4e+08ns,host0,pk-host0-to-host1-#541,0
+5.4e+08ns,host1,pk-host1-to-host2-#542,2
+5.4e+08ns,host1,pk-host1-to-host2-#543,2
+5.4e+08ns,host2,pk-host2-to-host1-#544,3
+5.4e+08ns,host2,pk-host2-to-host1-#545,3
+5.4e+08ns,host3,pk-host3-to-host1-#546,1
+5.4e+08ns,host3,pk-host3-to-host1-#547,1
+5.4e+08ns,host4,pk-host4-to-host1-#548,0
+5.4e+08ns,host4,pk-host4-to-host1-#549,0
+5.40644e+08ns,host1,pk-host0-to-host1-#220,-1
+5.40644e+08ns,host2,pk-host1-to-host2-#222,-1
+5.40644e+08ns,host1,pk-host2-to-host1-#224,-1
+5.40644e+08ns,host1,pk-host4-to-host1-#68,-1
+5.40644e+08ns,host3,pk-host4-to-host1-#228,1
+5.5e+08ns,host0,pk-host0-to-host1-#550,0
+5.5e+08ns,host0,pk-host0-to-host1-#551,0
+5.5e+08ns,host1,pk-host1-to-host2-#552,2
+5.5e+08ns,host1,pk-host1-to-host2-#553,2
+5.5e+08ns,host2,pk-host2-to-host1-#554,3
+5.5e+08ns,host2,pk-host2-to-host1-#555,3
+5.5e+08ns,host3,pk-host3-to-host1-#556,1
+5.5e+08ns,host3,pk-host3-to-host1-#557,1
+5.5e+08ns,host4,pk-host4-to-host1-#558,0
+5.5e+08ns,host4,pk-host4-to-host1-#559,0
+5.52644e+08ns,host1,pk-host0-to-host1-#221,-1
+5.52644e+08ns,host2,pk-host1-to-host2-#223,-1
+5.52644e+08ns,host1,pk-host2-to-host1-#225,-1
+5.52644e+08ns,host1,pk-host3-to-host1-#166,-1
+5.52644e+08ns,host3,pk-host4-to-host1-#229,1
+5.6e+08ns,host0,pk-host0-to-host1-#560,0
+5.6e+08ns,host0,pk-host0-to-host1-#561,0
+5.6e+08ns,host1,pk-host1-to-host2-#562,2
+5.6e+08ns,host1,pk-host1-to-host2-#563,2
+5.6e+08ns,host2,pk-host2-to-host1-#564,3
+5.6e+08ns,host2,pk-host2-to-host1-#565,3
+5.6e+08ns,host3,pk-host3-to-host1-#566,1
+5.6e+08ns,host3,pk-host3-to-host1-#567,1
+5.6e+08ns,host4,pk-host4-to-host1-#568,0
+5.6e+08ns,host4,pk-host4-to-host1-#569,0
+5.64644e+08ns,host1,pk-host0-to-host1-#230,-1
+5.64644e+08ns,host2,pk-host1-to-host2-#232,-1
+5.64644e+08ns,host1,pk-host2-to-host1-#234,-1
+5.64644e+08ns,host1,pk-host3-to-host1-#167,-1
+5.64644e+08ns,host3,pk-host4-to-host1-#238,1
+5.7e+08ns,host0,pk-host0-to-host1-#570,0
+5.7e+08ns,host0,pk-host0-to-host1-#571,0
+5.7e+08ns,host1,pk-host1-to-host2-#572,2
+5.7e+08ns,host1,pk-host1-to-host2-#573,2
+5.7e+08ns,host2,pk-host2-to-host1-#574,3
+5.7e+08ns,host2,pk-host2-to-host1-#575,3
+5.7e+08ns,host3,pk-host3-to-host1-#576,1
+5.7e+08ns,host3,pk-host3-to-host1-#577,1
+5.7e+08ns,host4,pk-host4-to-host1-#578,0
+5.7e+08ns,host4,pk-host4-to-host1-#579,0
+5.76644e+08ns,host1,pk-host0-to-host1-#231,-1
+5.76644e+08ns,host2,pk-host1-to-host2-#233,-1
+5.76644e+08ns,host1,pk-host2-to-host1-#235,-1
+5.76644e+08ns,host1,pk-host4-to-host1-#69,-1
+5.76644e+08ns,host3,pk-host4-to-host1-#239,1
+5.8e+08ns,host0,pk-host0-to-host1-#580,0
+5.8e+08ns,host0,pk-host0-to-host1-#581,0
+5.8e+08ns,host1,pk-host1-to-host2-#582,2
+5.8e+08ns,host1,pk-host1-to-host2-#583,2
+5.8e+08ns,host2,pk-host2-to-host1-#584,3
+5.8e+08ns,host2,pk-host2-to-host1-#585,3
+5.8e+08ns,host3,pk-host3-to-host1-#586,1
+5.8e+08ns,host3,pk-host3-to-host1-#587,1
+5.8e+08ns,host4,pk-host4-to-host1-#588,0
+5.8e+08ns,host4,pk-host4-to-host1-#589,0
+5.88644e+08ns,host1,pk-host0-to-host1-#240,-1
+5.88644e+08ns,host2,pk-host1-to-host2-#242,-1
+5.88644e+08ns,host1,pk-host2-to-host1-#244,-1
+5.88644e+08ns,host1,pk-host3-to-host1-#176,-1
+5.88644e+08ns,host3,pk-host4-to-host1-#248,1
+5.9e+08ns,host0,pk-host0-to-host1-#590,0
+5.9e+08ns,host0,pk-host0-to-host1-#591,0
+5.9e+08ns,host1,pk-host1-to-host2-#592,2
+5.9e+08ns,host1,pk-host1-to-host2-#593,2
+5.9e+08ns,host2,pk-host2-to-host1-#594,3
+5.9e+08ns,host2,pk-host2-to-host1-#595,3
+5.9e+08ns,host3,pk-host3-to-host1-#596,1
+5.9e+08ns,host3,pk-host3-to-host1-#597,1
+5.9e+08ns,host4,pk-host4-to-host1-#598,0
+5.9e+08ns,host4,pk-host4-to-host1-#599,0
+6e+08ns,host0,pk-host0-to-host1-#600,0
+6e+08ns,host0,pk-host0-to-host1-#601,0
+6e+08ns,host1,pk-host1-to-host2-#602,2
+6e+08ns,host1,pk-host1-to-host2-#603,2
+6e+08ns,host2,pk-host2-to-host1-#604,3
+6e+08ns,host2,pk-host2-to-host1-#605,3
+6e+08ns,host3,pk-host3-to-host1-#606,1
+6e+08ns,host3,pk-host3-to-host1-#607,1
+6e+08ns,host4,pk-host4-to-host1-#608,0
+6e+08ns,host4,pk-host4-to-host1-#609,0
+6.00644e+08ns,host1,pk-host0-to-host1-#241,-1
+6.00644e+08ns,host2,pk-host1-to-host2-#243,-1
+6.00644e+08ns,host1,pk-host2-to-host1-#245,-1
+6.00644e+08ns,host1,pk-host3-to-host1-#177,-1
+6.00644e+08ns,host3,pk-host4-to-host1-#249,1
+6.1e+08ns,host0,pk-host0-to-host1-#610,0
+6.1e+08ns,host0,pk-host0-to-host1-#611,0
+6.1e+08ns,host1,pk-host1-to-host2-#612,2
+6.1e+08ns,host1,pk-host1-to-host2-#613,2
+6.1e+08ns,host2,pk-host2-to-host1-#614,3
+6.1e+08ns,host2,pk-host2-to-host1-#615,3
+6.1e+08ns,host3,pk-host3-to-host1-#616,1
+6.1e+08ns,host3,pk-host3-to-host1-#617,1
+6.1e+08ns,host4,pk-host4-to-host1-#618,0
+6.1e+08ns,host4,pk-host4-to-host1-#619,0
+6.12644e+08ns,host1,pk-host0-to-host1-#250,-1
+6.12644e+08ns,host2,pk-host1-to-host2-#252,-1
+6.12644e+08ns,host1,pk-host2-to-host1-#254,-1
+6.12644e+08ns,host1,pk-host3-to-host1-#186,-1
+6.12644e+08ns,host3,pk-host4-to-host1-#258,1
+6.2e+08ns,host0,pk-host0-to-host1-#620,0
+6.2e+08ns,host0,pk-host0-to-host1-#621,0
+6.2e+08ns,host1,pk-host1-to-host2-#622,2
+6.2e+08ns,host1,pk-host1-to-host2-#623,2
+6.2e+08ns,host2,pk-host2-to-host1-#624,3
+6.2e+08ns,host2,pk-host2-to-host1-#625,3
+6.2e+08ns,host3,pk-host3-to-host1-#626,1
+6.2e+08ns,host3,pk-host3-to-host1-#627,1
+6.2e+08ns,host4,pk-host4-to-host1-#628,0
+6.2e+08ns,host4,pk-host4-to-host1-#629,0
+6.24644e+08ns,host1,pk-host0-to-host1-#251,-1
+6.24644e+08ns,host2,pk-host1-to-host2-#253,-1
+6.24644e+08ns,host1,pk-host2-to-host1-#255,-1
+6.24644e+08ns,host1,pk-host3-to-host1-#187,-1
+6.24644e+08ns,host3,pk-host4-to-host1-#259,1
+6.3e+08ns,host0,pk-host0-to-host1-#630,0
+6.3e+08ns,host0,pk-host0-to-host1-#631,0
+6.3e+08ns,host1,pk-host1-to-host2-#632,2
+6.3e+08ns,host1,pk-host1-to-host2-#633,2
+6.3e+08ns,host2,pk-host2-to-host1-#634,3
+6.3e+08ns,host2,pk-host2-to-host1-#635,3
+6.3e+08ns,host3,pk-host3-to-host1-#636,1
+6.3e+08ns,host3,pk-host3-to-host1-#637,1
+6.3e+08ns,host4,pk-host4-to-host1-#638,0
+6.3e+08ns,host4,pk-host4-to-host1-#639,0
+6.36644e+08ns,host1,pk-host0-to-host1-#260,-1
+6.36644e+08ns,host2,pk-host1-to-host2-#262,-1
+6.36644e+08ns,host1,pk-host2-to-host1-#264,-1
+6.36644e+08ns,host1,pk-host4-to-host1-#78,-1
+6.36644e+08ns,host3,pk-host4-to-host1-#268,1
+6.4e+08ns,host0,pk-host0-to-host1-#640,0
+6.4e+08ns,host0,pk-host0-to-host1-#641,0
+6.4e+08ns,host1,pk-host1-to-host2-#642,2
+6.4e+08ns,host1,pk-host1-to-host2-#643,2
+6.4e+08ns,host2,pk-host2-to-host1-#644,3
+6.4e+08ns,host2,pk-host2-to-host1-#645,3
+6.4e+08ns,host3,pk-host3-to-host1-#646,1
+6.4e+08ns,host3,pk-host3-to-host1-#647,1
+6.4e+08ns,host4,pk-host4-to-host1-#648,0
+6.4e+08ns,host4,pk-host4-to-host1-#649,0
+6.48644e+08ns,host1,pk-host0-to-host1-#261,-1
+6.48644e+08ns,host2,pk-host1-to-host2-#263,-1
+6.48644e+08ns,host1,pk-host2-to-host1-#265,-1
+6.48644e+08ns,host1,pk-host3-to-host1-#196,-1
+6.48644e+08ns,host3,pk-host4-to-host1-#269,1
+6.5e+08ns,host0,pk-host0-to-host1-#650,0
+6.5e+08ns,host0,pk-host0-to-host1-#651,0
+6.5e+08ns,host1,pk-host1-to-host2-#652,2
+6.5e+08ns,host1,pk-host1-to-host2-#653,2
+6.5e+08ns,host2,pk-host2-to-host1-#654,3
+6.5e+08ns,host2,pk-host2-to-host1-#655,3
+6.5e+08ns,host3,pk-host3-to-host1-#656,1
+6.5e+08ns,host3,pk-host3-to-host1-#657,1
+6.5e+08ns,host4,pk-host4-to-host1-#658,0
+6.5e+08ns,host4,pk-host4-to-host1-#659,0
+6.6e+08ns,host0,pk-host0-to-host1-#660,0
+6.6e+08ns,host0,pk-host0-to-host1-#661,0
+6.6e+08ns,host1,pk-host1-to-host2-#662,2
+6.6e+08ns,host1,pk-host1-to-host2-#663,2
+6.6e+08ns,host2,pk-host2-to-host1-#664,3
+6.6e+08ns,host2,pk-host2-to-host1-#665,3
+6.6e+08ns,host3,pk-host3-to-host1-#666,1
+6.6e+08ns,host3,pk-host3-to-host1-#667,1
+6.6e+08ns,host4,pk-host4-to-host1-#668,0
+6.6e+08ns,host4,pk-host4-to-host1-#669,0
+6.60644e+08ns,host1,pk-host0-to-host1-#270,-1
+6.60644e+08ns,host2,pk-host1-to-host2-#272,-1
+6.60644e+08ns,host1,pk-host2-to-host1-#274,-1
+6.60644e+08ns,host1,pk-host3-to-host1-#197,-1
+6.60644e+08ns,host3,pk-host4-to-host1-#278,1
+6.7e+08ns,host0,pk-host0-to-host1-#670,0
+6.7e+08ns,host0,pk-host0-to-host1-#671,0
+6.7e+08ns,host1,pk-host1-to-host2-#672,2
+6.7e+08ns,host1,pk-host1-to-host2-#673,2
+6.7e+08ns,host2,pk-host2-to-host1-#674,3
+6.7e+08ns,host2,pk-host2-to-host1-#675,3
+6.7e+08ns,host3,pk-host3-to-host1-#676,1
+6.7e+08ns,host3,pk-host3-to-host1-#677,1
+6.7e+08ns,host4,pk-host4-to-host1-#678,0
+6.7e+08ns,host4,pk-host4-to-host1-#679,0
+6.72644e+08ns,host1,pk-host0-to-host1-#271,-1
+6.72644e+08ns,host2,pk-host1-to-host2-#273,-1
+6.72644e+08ns,host1,pk-host2-to-host1-#275,-1
+6.72644e+08ns,host1,pk-host4-to-host1-#79,-1
+6.72644e+08ns,host3,pk-host4-to-host1-#279,1
+6.8e+08ns,host0,pk-host0-to-host1-#680,0
+6.8e+08ns,host0,pk-host0-to-host1-#681,0
+6.8e+08ns,host1,pk-host1-to-host2-#682,2
+6.8e+08ns,host1,pk-host1-to-host2-#683,2
+6.8e+08ns,host2,pk-host2-to-host1-#684,3
+6.8e+08ns,host2,pk-host2-to-host1-#685,3
+6.8e+08ns,host3,pk-host3-to-host1-#686,1
+6.8e+08ns,host3,pk-host3-to-host1-#687,1
+6.8e+08ns,host4,pk-host4-to-host1-#688,0
+6.8e+08ns,host4,pk-host4-to-host1-#689,0
+6.84644e+08ns,host1,pk-host0-to-host1-#280,-1
+6.84644e+08ns,host2,pk-host1-to-host2-#282,-1
+6.84644e+08ns,host1,pk-host2-to-host1-#284,-1
+6.84644e+08ns,host1,pk-host3-to-host1-#206,-1
+6.84644e+08ns,host3,pk-host4-to-host1-#288,1
+6.9e+08ns,host0,pk-host0-to-host1-#690,0
+6.9e+08ns,host0,pk-host0-to-host1-#691,0
+6.9e+08ns,host1,pk-host1-to-host2-#692,2
+6.9e+08ns,host1,pk-host1-to-host2-#693,2
+6.9e+08ns,host2,pk-host2-to-host1-#694,3
+6.9e+08ns,host2,pk-host2-to-host1-#695,3
+6.9e+08ns,host3,pk-host3-to-host1-#696,1
+6.9e+08ns,host3,pk-host3-to-host1-#697,1
+6.9e+08ns,host4,pk-host4-to-host1-#698,0
+6.9e+08ns,host4,pk-host4-to-host1-#699,0
+6.96644e+08ns,host1,pk-host0-to-host1-#281,-1
+6.96644e+08ns,host2,pk-host1-to-host2-#283,-1
+6.96644e+08ns,host1,pk-host2-to-host1-#285,-1
+6.96644e+08ns,host1,pk-host3-to-host1-#207,-1
+6.96644e+08ns,host3,pk-host4-to-host1-#289,1
+7e+08ns,host0,pk-host0-to-host1-#700,0
+7e+08ns,host0,pk-host0-to-host1-#701,0
+7e+08ns,host1,pk-host1-to-host2-#702,2
+7e+08ns,host1,pk-host1-to-host2-#703,2
+7e+08ns,host2,pk-host2-to-host1-#704,3
+7e+08ns,host2,pk-host2-to-host1-#705,3
+7e+08ns,host3,pk-host3-to-host1-#706,1
+7e+08ns,host3,pk-host3-to-host1-#707,1
+7e+08ns,host4,pk-host4-to-host1-#708,0
+7e+08ns,host4,pk-host4-to-host1-#709,0
+7.08644e+08ns,host1,pk-host0-to-host1-#290,-1
+7.08644e+08ns,host2,pk-host1-to-host2-#292,-1
+7.08644e+08ns,host1,pk-host2-to-host1-#294,-1
+7.08644e+08ns,host1,pk-host4-to-host1-#88,-1
+7.08644e+08ns,host3,pk-host4-to-host1-#298,1
+7.1e+08ns,host0,pk-host0-to-host1-#710,0
+7.1e+08ns,host0,pk-host0-to-host1-#711,0
+7.1e+08ns,host1,pk-host1-to-host2-#712,2
+7.1e+08ns,host1,pk-host1-to-host2-#713,2
+7.1e+08ns,host2,pk-host2-to-host1-#714,3
+7.1e+08ns,host2,pk-host2-to-host1-#715,3
+7.1e+08ns,host3,pk-host3-to-host1-#716,1
+7.1e+08ns,host3,pk-host3-to-host1-#717,1
+7.1e+08ns,host4,pk-host4-to-host1-#718,0
+7.1e+08ns,host4,pk-host4-to-host1-#719,0
+7.2e+08ns,host0,pk-host0-to-host1-#720,0
+7.2e+08ns,host0,pk-host0-to-host1-#721,0
+7.2e+08ns,host1,pk-host1-to-host2-#722,2
+7.2e+08ns,host1,pk-host1-to-host2-#723,2
+7.2e+08ns,host2,pk-host2-to-host1-#724,3
+7.2e+08ns,host2,pk-host2-to-host1-#725,3
+7.2e+08ns,host3,pk-host3-to-host1-#726,1
+7.2e+08ns,host3,pk-host3-to-host1-#727,1
+7.2e+08ns,host4,pk-host4-to-host1-#728,0
+7.2e+08ns,host4,pk-host4-to-host1-#729,0
+7.20644e+08ns,host1,pk-host0-to-host1-#291,-1
+7.20644e+08ns,host2,pk-host1-to-host2-#293,-1
+7.20644e+08ns,host1,pk-host2-to-host1-#295,-1
+7.20644e+08ns,host1,pk-host3-to-host1-#216,-1
+7.20644e+08ns,host3,pk-host4-to-host1-#299,1
+7.3e+08ns,host0,pk-host0-to-host1-#730,0
+7.3e+08ns,host0,pk-host0-to-host1-#731,0
+7.3e+08ns,host1,pk-host1-to-host2-#732,2
+7.3e+08ns,host1,pk-host1-to-host2-#733,2
+7.3e+08ns,host2,pk-host2-to-host1-#734,3
+7.3e+08ns,host2,pk-host2-to-host1-#735,3
+7.3e+08ns,host3,pk-host3-to-host1-#736,1
+7.3e+08ns,host3,pk-host3-to-host1-#737,1
+7.3e+08ns,host4,pk-host4-to-host1-#738,0
+7.3e+08ns,host4,pk-host4-to-host1-#739,0
+7.32644e+08ns,host1,pk-host0-to-host1-#300,-1
+7.32644e+08ns,host2,pk-host1-to-host2-#302,-1
+7.32644e+08ns,host1,pk-host2-to-host1-#304,-1
+7.32644e+08ns,host1,pk-host3-to-host1-#217,-1
+7.32644e+08ns,host3,pk-host4-to-host1-#308,1
+7.4e+08ns,host0,pk-host0-to-host1-#740,0
+7.4e+08ns,host0,pk-host0-to-host1-#741,0
+7.4e+08ns,host1,pk-host1-to-host2-#742,2
+7.4e+08ns,host1,pk-host1-to-host2-#743,2
+7.4e+08ns,host2,pk-host2-to-host1-#744,3
+7.4e+08ns,host2,pk-host2-to-host1-#745,3
+7.4e+08ns,host3,pk-host3-to-host1-#746,1
+7.4e+08ns,host3,pk-host3-to-host1-#747,1
+7.4e+08ns,host4,pk-host4-to-host1-#748,0
+7.4e+08ns,host4,pk-host4-to-host1-#749,0
+7.44644e+08ns,host1,pk-host0-to-host1-#301,-1
+7.44644e+08ns,host2,pk-host1-to-host2-#303,-1
+7.44644e+08ns,host1,pk-host2-to-host1-#305,-1
+7.44644e+08ns,host1,pk-host4-to-host1-#89,-1
+7.44644e+08ns,host3,pk-host4-to-host1-#309,1
+7.5e+08ns,host0,pk-host0-to-host1-#750,0
+7.5e+08ns,host0,pk-host0-to-host1-#751,0
+7.5e+08ns,host1,pk-host1-to-host2-#752,2
+7.5e+08ns,host1,pk-host1-to-host2-#753,2
+7.5e+08ns,host2,pk-host2-to-host1-#754,3
+7.5e+08ns,host2,pk-host2-to-host1-#755,3
+7.5e+08ns,host3,pk-host3-to-host1-#756,1
+7.5e+08ns,host3,pk-host3-to-host1-#757,1
+7.5e+08ns,host4,pk-host4-to-host1-#758,0
+7.5e+08ns,host4,pk-host4-to-host1-#759,0
+7.56644e+08ns,host1,pk-host0-to-host1-#310,-1
+7.56644e+08ns,host2,pk-host1-to-host2-#312,-1
+7.56644e+08ns,host1,pk-host2-to-host1-#314,-1
+7.56644e+08ns,host1,pk-host3-to-host1-#226,-1
+7.56644e+08ns,host3,pk-host4-to-host1-#318,1
+7.6e+08ns,host0,pk-host0-to-host1-#760,0
+7.6e+08ns,host0,pk-host0-to-host1-#761,0
+7.6e+08ns,host1,pk-host1-to-host2-#762,2
+7.6e+08ns,host1,pk-host1-to-host2-#763,2
+7.6e+08ns,host2,pk-host2-to-host1-#764,3
+7.6e+08ns,host2,pk-host2-to-host1-#765,3
+7.6e+08ns,host3,pk-host3-to-host1-#766,1
+7.6e+08ns,host3,pk-host3-to-host1-#767,1
+7.6e+08ns,host4,pk-host4-to-host1-#768,0
+7.6e+08ns,host4,pk-host4-to-host1-#769,0
+7.68644e+08ns,host1,pk-host0-to-host1-#311,-1
+7.68644e+08ns,host2,pk-host1-to-host2-#313,-1
+7.68644e+08ns,host1,pk-host2-to-host1-#315,-1
+7.68644e+08ns,host1,pk-host3-to-host1-#227,-1
+7.68644e+08ns,host3,pk-host4-to-host1-#319,1
+7.7e+08ns,host0,pk-host0-to-host1-#770,0
+7.7e+08ns,host0,pk-host0-to-host1-#771,0
+7.7e+08ns,host1,pk-host1-to-host2-#772,2
+7.7e+08ns,host1,pk-host1-to-host2-#773,2
+7.7e+08ns,host2,pk-host2-to-host1-#774,3
+7.7e+08ns,host2,pk-host2-to-host1-#775,3
+7.7e+08ns,host3,pk-host3-to-host1-#776,1
+7.7e+08ns,host3,pk-host3-to-host1-#777,1
+7.7e+08ns,host4,pk-host4-to-host1-#778,0
+7.7e+08ns,host4,pk-host4-to-host1-#779,0
+7.8e+08ns,host0,pk-host0-to-host1-#780,0
+7.8e+08ns,host0,pk-host0-to-host1-#781,0
+7.8e+08ns,host1,pk-host1-to-host2-#782,2
+7.8e+08ns,host1,pk-host1-to-host2-#783,2
+7.8e+08ns,host2,pk-host2-to-host1-#784,3
+7.8e+08ns,host2,pk-host2-to-host1-#785,3
+7.8e+08ns,host3,pk-host3-to-host1-#786,1
+7.8e+08ns,host3,pk-host3-to-host1-#787,1
+7.8e+08ns,host4,pk-host4-to-host1-#788,0
+7.8e+08ns,host4,pk-host4-to-host1-#789,0
+7.80644e+08ns,host1,pk-host0-to-host1-#320,-1
+7.80644e+08ns,host2,pk-host1-to-host2-#322,-1
+7.80644e+08ns,host1,pk-host2-to-host1-#324,-1
+7.80644e+08ns,host1,pk-host4-to-host1-#98,-1
+7.80644e+08ns,host3,pk-host4-to-host1-#328,1
+7.9e+08ns,host0,pk-host0-to-host1-#790,0
+7.9e+08ns,host0,pk-host0-to-host1-#791,0
+7.9e+08ns,host1,pk-host1-to-host2-#792,2
+7.9e+08ns,host1,pk-host1-to-host2-#793,2
+7.9e+08ns,host2,pk-host2-to-host1-#794,3
+7.9e+08ns,host2,pk-host2-to-host1-#795,3
+7.9e+08ns,host3,pk-host3-to-host1-#796,1
+7.9e+08ns,host3,pk-host3-to-host1-#797,1
+7.9e+08ns,host4,pk-host4-to-host1-#798,0
+7.9e+08ns,host4,pk-host4-to-host1-#799,0
+7.92644e+08ns,host1,pk-host0-to-host1-#321,-1
+7.92644e+08ns,host2,pk-host1-to-host2-#323,-1
+7.92644e+08ns,host1,pk-host2-to-host1-#325,-1
+7.92644e+08ns,host1,pk-host3-to-host1-#236,-1
+7.92644e+08ns,host3,pk-host4-to-host1-#329,1
+8e+08ns,host0,pk-host0-to-host1-#800,0
+8e+08ns,host0,pk-host0-to-host1-#801,0
+8e+08ns,host1,pk-host1-to-host2-#802,2
+8e+08ns,host1,pk-host1-to-host2-#803,2
+8e+08ns,host2,pk-host2-to-host1-#804,3
+8e+08ns,host2,pk-host2-to-host1-#805,3
+8e+08ns,host3,pk-host3-to-host1-#806,1
+8e+08ns,host3,pk-host3-to-host1-#807,1
+8e+08ns,host4,pk-host4-to-host1-#808,0
+8e+08ns,host4,pk-host4-to-host1-#809,0
+8.04644e+08ns,host1,pk-host0-to-host1-#330,-1
+8.04644e+08ns,host2,pk-host1-to-host2-#332,-1
+8.04644e+08ns,host1,pk-host2-to-host1-#334,-1
+8.04644e+08ns,host1,pk-host3-to-host1-#237,-1
+8.04644e+08ns,host3,pk-host4-to-host1-#338,1
+8.1e+08ns,host0,pk-host0-to-host1-#810,0
+8.1e+08ns,host0,pk-host0-to-host1-#811,0
+8.1e+08ns,host1,pk-host1-to-host2-#812,2
+8.1e+08ns,host1,pk-host1-to-host2-#813,2
+8.1e+08ns,host2,pk-host2-to-host1-#814,3
+8.1e+08ns,host2,pk-host2-to-host1-#815,3
+8.1e+08ns,host3,pk-host3-to-host1-#816,1
+8.1e+08ns,host3,pk-host3-to-host1-#817,1
+8.1e+08ns,host4,pk-host4-to-host1-#818,0
+8.1e+08ns,host4,pk-host4-to-host1-#819,0
+8.16644e+08ns,host1,pk-host0-to-host1-#331,-1
+8.16644e+08ns,host2,pk-host1-to-host2-#333,-1
+8.16644e+08ns,host1,pk-host2-to-host1-#335,-1
+8.16644e+08ns,host1,pk-host3-to-host1-#246,-1
+8.16644e+08ns,host3,pk-host4-to-host1-#339,1
+8.2e+08ns,host0,pk-host0-to-host1-#820,0
+8.2e+08ns,host0,pk-host0-to-host1-#821,0
+8.2e+08ns,host1,pk-host1-to-host2-#822,2
+8.2e+08ns,host1,pk-host1-to-host2-#823,2
+8.2e+08ns,host2,pk-host2-to-host1-#824,3
+8.2e+08ns,host2,pk-host2-to-host1-#825,3
+8.2e+08ns,host3,pk-host3-to-host1-#826,1
+8.2e+08ns,host3,pk-host3-to-host1-#827,1
+8.2e+08ns,host4,pk-host4-to-host1-#828,0
+8.2e+08ns,host4,pk-host4-to-host1-#829,0
+8.28644e+08ns,host1,pk-host0-to-host1-#340,-1
+8.28644e+08ns,host2,pk-host1-to-host2-#342,-1
+8.28644e+08ns,host1,pk-host2-to-host1-#344,-1
+8.28644e+08ns,host1,pk-host3-to-host1-#247,-1
+8.28644e+08ns,host3,pk-host4-to-host1-#348,1
+8.3e+08ns,host0,pk-host0-to-host1-#830,0
+8.3e+08ns,host0,pk-host0-to-host1-#831,0
+8.3e+08ns,host1,pk-host1-to-host2-#832,2
+8.3e+08ns,host1,pk-host1-to-host2-#833,2
+8.3e+08ns,host2,pk-host2-to-host1-#834,3
+8.3e+08ns,host2,pk-host2-to-host1-#835,3
+8.3e+08ns,host3,pk-host3-to-host1-#836,1
+8.3e+08ns,host3,pk-host3-to-host1-#837,1
+8.3e+08ns,host4,pk-host4-to-host1-#838,0
+8.3e+08ns,host4,pk-host4-to-host1-#839,0
+8.4e+08ns,host0,pk-host0-to-host1-#840,0
+8.4e+08ns,host0,pk-host0-to-host1-#841,0
+8.4e+08ns,host1,pk-host1-to-host2-#842,2
+8.4e+08ns,host1,pk-host1-to-host2-#843,2
+8.4e+08ns,host2,pk-host2-to-host1-#844,3
+8.4e+08ns,host2,pk-host2-to-host1-#845,3
+8.4e+08ns,host3,pk-host3-to-host1-#846,1
+8.4e+08ns,host3,pk-host3-to-host1-#847,1
+8.4e+08ns,host4,pk-host4-to-host1-#848,0
+8.4e+08ns,host4,pk-host4-to-host1-#849,0
+8.40644e+08ns,host1,pk-host0-to-host1-#341,-1
+8.40644e+08ns,host2,pk-host1-to-host2-#343,-1
+8.40644e+08ns,host1,pk-host2-to-host1-#345,-1
+8.40644e+08ns,host1,pk-host4-to-host1-#99,-1
+8.40644e+08ns,host3,pk-host4-to-host1-#349,1
+8.5e+08ns,host0,pk-host0-to-host1-#850,0
+8.5e+08ns,host0,pk-host0-to-host1-#851,0
+8.5e+08ns,host1,pk-host1-to-host2-#852,2
+8.5e+08ns,host1,pk-host1-to-host2-#853,2
+8.5e+08ns,host2,pk-host2-to-host1-#854,3
+8.5e+08ns,host2,pk-host2-to-host1-#855,3
+8.5e+08ns,host3,pk-host3-to-host1-#856,1
+8.5e+08ns,host3,pk-host3-to-host1-#857,1
+8.5e+08ns,host4,pk-host4-to-host1-#858,0
+8.5e+08ns,host4,pk-host4-to-host1-#859,0
+8.52644e+08ns,host1,pk-host0-to-host1-#350,-1
+8.52644e+08ns,host2,pk-host1-to-host2-#352,-1
+8.52644e+08ns,host1,pk-host2-to-host1-#354,-1
+8.52644e+08ns,host1,pk-host3-to-host1-#256,-1
+8.52644e+08ns,host3,pk-host4-to-host1-#358,1
+8.6e+08ns,host0,pk-host0-to-host1-#860,0
+8.6e+08ns,host0,pk-host0-to-host1-#861,0
+8.6e+08ns,host1,pk-host1-to-host2-#862,2
+8.6e+08ns,host1,pk-host1-to-host2-#863,2
+8.6e+08ns,host2,pk-host2-to-host1-#864,3
+8.6e+08ns,host2,pk-host2-to-host1-#865,3
+8.6e+08ns,host3,pk-host3-to-host1-#866,1
+8.6e+08ns,host3,pk-host3-to-host1-#867,1
+8.6e+08ns,host4,pk-host4-to-host1-#868,0
+8.6e+08ns,host4,pk-host4-to-host1-#869,0
+8.64644e+08ns,host1,pk-host0-to-host1-#351,-1
+8.64644e+08ns,host2,pk-host1-to-host2-#353,-1
+8.64644e+08ns,host1,pk-host2-to-host1-#355,-1
+8.64644e+08ns,host1,pk-host3-to-host1-#257,-1
+8.64644e+08ns,host3,pk-host4-to-host1-#359,1
+8.7e+08ns,host0,pk-host0-to-host1-#870,0
+8.7e+08ns,host0,pk-host0-to-host1-#871,0
+8.7e+08ns,host1,pk-host1-to-host2-#872,2
+8.7e+08ns,host1,pk-host1-to-host2-#873,2
+8.7e+08ns,host2,pk-host2-to-host1-#874,3
+8.7e+08ns,host2,pk-host2-to-host1-#875,3
+8.7e+08ns,host3,pk-host3-to-host1-#876,1
+8.7e+08ns,host3,pk-host3-to-host1-#877,1
+8.7e+08ns,host4,pk-host4-to-host1-#878,0
+8.7e+08ns,host4,pk-host4-to-host1-#879,0
+8.76644e+08ns,host1,pk-host0-to-host1-#360,-1
+8.76644e+08ns,host2,pk-host1-to-host2-#362,-1
+8.76644e+08ns,host1,pk-host2-to-host1-#364,-1
+8.76644e+08ns,host1,pk-host4-to-host1-#108,-1
+8.76644e+08ns,host3,pk-host4-to-host1-#368,1
+8.8e+08ns,host0,pk-host0-to-host1-#880,0
+8.8e+08ns,host0,pk-host0-to-host1-#881,0
+8.8e+08ns,host1,pk-host1-to-host2-#882,2
+8.8e+08ns,host1,pk-host1-to-host2-#883,2
+8.8e+08ns,host2,pk-host2-to-host1-#884,3
+8.8e+08ns,host2,pk-host2-to-host1-#885,3
+8.8e+08ns,host3,pk-host3-to-host1-#886,1
+8.8e+08ns,host3,pk-host3-to-host1-#887,1
+8.8e+08ns,host4,pk-host4-to-host1-#888,0
+8.8e+08ns,host4,pk-host4-to-host1-#889,0
+8.88644e+08ns,host1,pk-host0-to-host1-#361,-1
+8.88644e+08ns,host2,pk-host1-to-host2-#363,-1
+8.88644e+08ns,host1,pk-host2-to-host1-#365,-1
+8.88644e+08ns,host1,pk-host3-to-host1-#266,-1
+8.88644e+08ns,host3,pk-host4-to-host1-#369,1
+8.9e+08ns,host0,pk-host0-to-host1-#890,0
+8.9e+08ns,host0,pk-host0-to-host1-#891,0
+8.9e+08ns,host1,pk-host1-to-host2-#892,2
+8.9e+08ns,host1,pk-host1-to-host2-#893,2
+8.9e+08ns,host2,pk-host2-to-host1-#894,3
+8.9e+08ns,host2,pk-host2-to-host1-#895,3
+8.9e+08ns,host3,pk-host3-to-host1-#896,1
+8.9e+08ns,host3,pk-host3-to-host1-#897,1
+8.9e+08ns,host4,pk-host4-to-host1-#898,0
+8.9e+08ns,host4,pk-host4-to-host1-#899,0
+9e+08ns,host0,pk-host0-to-host1-#900,0
+9e+08ns,host0,pk-host0-to-host1-#901,0
+9e+08ns,host1,pk-host1-to-host2-#902,2
+9e+08ns,host1,pk-host1-to-host2-#903,2
+9e+08ns,host2,pk-host2-to-host1-#904,3
+9e+08ns,host2,pk-host2-to-host1-#905,3
+9e+08ns,host3,pk-host3-to-host1-#906,1
+9e+08ns,host3,pk-host3-to-host1-#907,1
+9e+08ns,host4,pk-host4-to-host1-#908,0
+9e+08ns,host4,pk-host4-to-host1-#909,0
+9.00644e+08ns,host1,pk-host0-to-host1-#370,-1
+9.00644e+08ns,host2,pk-host1-to-host2-#372,-1
+9.00644e+08ns,host1,pk-host2-to-host1-#374,-1
+9.00644e+08ns,host1,pk-host3-to-host1-#267,-1
+9.00644e+08ns,host3,pk-host4-to-host1-#378,1
+9.1e+08ns,host0,pk-host0-to-host1-#910,0
+9.1e+08ns,host0,pk-host0-to-host1-#911,0
+9.1e+08ns,host1,pk-host1-to-host2-#912,2
+9.1e+08ns,host1,pk-host1-to-host2-#913,2
+9.1e+08ns,host2,pk-host2-to-host1-#914,3
+9.1e+08ns,host2,pk-host2-to-host1-#915,3
+9.1e+08ns,host3,pk-host3-to-host1-#916,1
+9.1e+08ns,host3,pk-host3-to-host1-#917,1
+9.1e+08ns,host4,pk-host4-to-host1-#918,0
+9.1e+08ns,host4,pk-host4-to-host1-#919,0
+9.12644e+08ns,host1,pk-host0-to-host1-#371,-1
+9.12644e+08ns,host2,pk-host1-to-host2-#373,-1
+9.12644e+08ns,host1,pk-host2-to-host1-#375,-1
+9.12644e+08ns,host1,pk-host4-to-host1-#109,-1
+9.12644e+08ns,host3,pk-host4-to-host1-#379,1
+9.2e+08ns,host0,pk-host0-to-host1-#920,0
+9.2e+08ns,host0,pk-host0-to-host1-#921,0
+9.2e+08ns,host1,pk-host1-to-host2-#922,2
+9.2e+08ns,host1,pk-host1-to-host2-#923,2
+9.2e+08ns,host2,pk-host2-to-host1-#924,3
+9.2e+08ns,host2,pk-host2-to-host1-#925,3
+9.2e+08ns,host3,pk-host3-to-host1-#926,1
+9.2e+08ns,host3,pk-host3-to-host1-#927,1
+9.2e+08ns,host4,pk-host4-to-host1-#928,0
+9.2e+08ns,host4,pk-host4-to-host1-#929,0
+9.24644e+08ns,host1,pk-host0-to-host1-#380,-1
+9.24644e+08ns,host2,pk-host1-to-host2-#382,-1
+9.24644e+08ns,host1,pk-host2-to-host1-#384,-1
+9.24644e+08ns,host1,pk-host3-to-host1-#276,-1
+9.24644e+08ns,host3,pk-host4-to-host1-#388,1
+9.3e+08ns,host0,pk-host0-to-host1-#930,0
+9.3e+08ns,host0,pk-host0-to-host1-#931,0
+9.3e+08ns,host1,pk-host1-to-host2-#932,2
+9.3e+08ns,host1,pk-host1-to-host2-#933,2
+9.3e+08ns,host2,pk-host2-to-host1-#934,3
+9.3e+08ns,host2,pk-host2-to-host1-#935,3
+9.3e+08ns,host3,pk-host3-to-host1-#936,1
+9.3e+08ns,host3,pk-host3-to-host1-#937,1
+9.3e+08ns,host4,pk-host4-to-host1-#938,0
+9.3e+08ns,host4,pk-host4-to-host1-#939,0
+9.36644e+08ns,host1,pk-host0-to-host1-#381,-1
+9.36644e+08ns,host2,pk-host1-to-host2-#383,-1
+9.36644e+08ns,host1,pk-host2-to-host1-#385,-1
+9.36644e+08ns,host1,pk-host3-to-host1-#277,-1
+9.36644e+08ns,host3,pk-host4-to-host1-#389,1
+9.4e+08ns,host0,pk-host0-to-host1-#940,0
+9.4e+08ns,host0,pk-host0-to-host1-#941,0
+9.4e+08ns,host1,pk-host1-to-host2-#942,2
+9.4e+08ns,host1,pk-host1-to-host2-#943,2
+9.4e+08ns,host2,pk-host2-to-host1-#944,3
+9.4e+08ns,host2,pk-host2-to-host1-#945,3
+9.4e+08ns,host3,pk-host3-to-host1-#946,1
+9.4e+08ns,host3,pk-host3-to-host1-#947,1
+9.4e+08ns,host4,pk-host4-to-host1-#948,0
+9.4e+08ns,host4,pk-host4-to-host1-#949,0
+9.48644e+08ns,host1,pk-host0-to-host1-#390,-1
+9.48644e+08ns,host2,pk-host1-to-host2-#392,-1
+9.48644e+08ns,host1,pk-host2-to-host1-#394,-1
+9.48644e+08ns,host1,pk-host4-to-host1-#118,-1
+9.48644e+08ns,host3,pk-host4-to-host1-#398,1
+9.5e+08ns,host0,pk-host0-to-host1-#950,0
+9.5e+08ns,host0,pk-host0-to-host1-#951,0
+9.5e+08ns,host1,pk-host1-to-host2-#952,2
+9.5e+08ns,host1,pk-host1-to-host2-#953,2
+9.5e+08ns,host2,pk-host2-to-host1-#954,3
+9.5e+08ns,host2,pk-host2-to-host1-#955,3
+9.5e+08ns,host3,pk-host3-to-host1-#956,1
+9.5e+08ns,host3,pk-host3-to-host1-#957,1
+9.5e+08ns,host4,pk-host4-to-host1-#958,0
+9.5e+08ns,host4,pk-host4-to-host1-#959,0
+9.6e+08ns,host0,pk-host0-to-host1-#960,0
+9.6e+08ns,host0,pk-host0-to-host1-#961,0
+9.6e+08ns,host1,pk-host1-to-host2-#962,2
+9.6e+08ns,host1,pk-host1-to-host2-#963,2
+9.6e+08ns,host2,pk-host2-to-host1-#964,3
+9.6e+08ns,host2,pk-host2-to-host1-#965,3
+9.6e+08ns,host3,pk-host3-to-host1-#966,1
+9.6e+08ns,host3,pk-host3-to-host1-#967,1
+9.6e+08ns,host4,pk-host4-to-host1-#968,0
+9.6e+08ns,host4,pk-host4-to-host1-#969,0
+9.60644e+08ns,host1,pk-host0-to-host1-#391,-1
+9.60644e+08ns,host2,pk-host1-to-host2-#393,-1
+9.60644e+08ns,host1,pk-host2-to-host1-#395,-1
+9.60644e+08ns,host1,pk-host3-to-host1-#286,-1
+9.60644e+08ns,host3,pk-host4-to-host1-#399,1
+9.7e+08ns,host0,pk-host0-to-host1-#970,0
+9.7e+08ns,host0,pk-host0-to-host1-#971,0
+9.7e+08ns,host1,pk-host1-to-host2-#972,2
+9.7e+08ns,host1,pk-host1-to-host2-#973,2
+9.7e+08ns,host2,pk-host2-to-host1-#974,3
+9.7e+08ns,host2,pk-host2-to-host1-#975,3
+9.7e+08ns,host3,pk-host3-to-host1-#976,1
+9.7e+08ns,host3,pk-host3-to-host1-#977,1
+9.7e+08ns,host4,pk-host4-to-host1-#978,0
+9.7e+08ns,host4,pk-host4-to-host1-#979,0
+9.72644e+08ns,host1,pk-host0-to-host1-#400,-1
+9.72644e+08ns,host2,pk-host1-to-host2-#402,-1
+9.72644e+08ns,host1,pk-host2-to-host1-#404,-1
+9.72644e+08ns,host1,pk-host3-to-host1-#287,-1
+9.72644e+08ns,host3,pk-host4-to-host1-#408,1
+9.8e+08ns,host0,pk-host0-to-host1-#980,0
+9.8e+08ns,host0,pk-host0-to-host1-#981,0
+9.8e+08ns,host1,pk-host1-to-host2-#982,2
+9.8e+08ns,host1,pk-host1-to-host2-#983,2
+9.8e+08ns,host2,pk-host2-to-host1-#984,3
+9.8e+08ns,host2,pk-host2-to-host1-#985,3
+9.8e+08ns,host3,pk-host3-to-host1-#986,1
+9.8e+08ns,host3,pk-host3-to-host1-#987,1
+9.8e+08ns,host4,pk-host4-to-host1-#988,0
+9.8e+08ns,host4,pk-host4-to-host1-#989,0
+9.84644e+08ns,host1,pk-host0-to-host1-#401,-1
+9.84644e+08ns,host2,pk-host1-to-host2-#403,-1
+9.84644e+08ns,host1,pk-host2-to-host1-#405,-1
+9.84644e+08ns,host1,pk-host4-to-host1-#119,-1
+9.84644e+08ns,host3,pk-host4-to-host1-#409,1
+9.9e+08ns,host0,pk-host0-to-host1-#990,0
+9.9e+08ns,host0,pk-host0-to-host1-#991,0
+9.9e+08ns,host1,pk-host1-to-host2-#992,2
+9.9e+08ns,host1,pk-host1-to-host2-#993,2
+9.9e+08ns,host2,pk-host2-to-host1-#994,3
+9.9e+08ns,host2,pk-host2-to-host1-#995,3
+9.9e+08ns,host3,pk-host3-to-host1-#996,1
+9.9e+08ns,host3,pk-host3-to-host1-#997,1
+9.9e+08ns,host4,pk-host4-to-host1-#998,0
+9.9e+08ns,host4,pk-host4-to-host1-#999,0
+9.96644e+08ns,host1,pk-host0-to-host1-#410,-1
+9.96644e+08ns,host2,pk-host1-to-host2-#412,-1
+9.96644e+08ns,host1,pk-host2-to-host1-#414,-1
+9.96644e+08ns,host1,pk-host3-to-host1-#296,-1
+9.96644e+08ns,host3,pk-host4-to-host1-#418,1
+1e+09ns,host0,pk-host0-to-host1-#1000,0
+1e+09ns,host0,pk-host0-to-host1-#1001,0
+1e+09ns,host1,pk-host1-to-host2-#1002,2
+1e+09ns,host1,pk-host1-to-host2-#1003,2
+1e+09ns,host2,pk-host2-to-host1-#1004,3
+1e+09ns,host2,pk-host2-to-host1-#1005,3
+1e+09ns,host3,pk-host3-to-host1-#1006,1
+1e+09ns,host3,pk-host3-to-host1-#1007,1
+1e+09ns,host4,pk-host4-to-host1-#1008,0
+1e+09ns,host4,pk-host4-to-host1-#1009,0
+1.00864e+09ns,host1,pk-host0-to-host1-#411,-1
+1.00864e+09ns,host2,pk-host1-to-host2-#413,-1
+1.00864e+09ns,host1,pk-host2-to-host1-#415,-1
+1.00864e+09ns,host1,pk-host3-to-host1-#297,-1
+1.00864e+09ns,host3,pk-host4-to-host1-#419,1
+1.02064e+09ns,host1,pk-host0-to-host1-#420,-1
+1.02064e+09ns,host2,pk-host1-to-host2-#422,-1
+1.02064e+09ns,host1,pk-host2-to-host1-#424,-1
+1.02064e+09ns,host1,pk-host3-to-host1-#306,-1
+1.02064e+09ns,host3,pk-host4-to-host1-#428,1
+1.03264e+09ns,host1,pk-host0-to-host1-#421,-1
+1.03264e+09ns,host2,pk-host1-to-host2-#423,-1
+1.03264e+09ns,host1,pk-host2-to-host1-#425,-1
+1.03264e+09ns,host1,pk-host3-to-host1-#307,-1
+1.03264e+09ns,host3,pk-host4-to-host1-#429,1
+1.04464e+09ns,host1,pk-host0-to-host1-#430,-1
+1.04464e+09ns,host2,pk-host1-to-host2-#432,-1
+1.04464e+09ns,host1,pk-host2-to-host1-#434,-1
+1.04464e+09ns,host1,pk-host4-to-host1-#128,-1
+1.04464e+09ns,host3,pk-host4-to-host1-#438,1
+1.05664e+09ns,host1,pk-host0-to-host1-#431,-1
+1.05664e+09ns,host2,pk-host1-to-host2-#433,-1
+1.05664e+09ns,host1,pk-host2-to-host1-#435,-1
+1.05664e+09ns,host1,pk-host3-to-host1-#316,-1
+1.05664e+09ns,host3,pk-host4-to-host1-#439,1
+1.06864e+09ns,host1,pk-host0-to-host1-#440,-1
+1.06864e+09ns,host2,pk-host1-to-host2-#442,-1
+1.06864e+09ns,host1,pk-host2-to-host1-#444,-1
+1.06864e+09ns,host1,pk-host3-to-host1-#317,-1
+1.06864e+09ns,host3,pk-host4-to-host1-#448,1
+1.08064e+09ns,host1,pk-host0-to-host1-#441,-1
+1.08064e+09ns,host2,pk-host1-to-host2-#443,-1
+1.08064e+09ns,host1,pk-host2-to-host1-#445,-1
+1.08064e+09ns,host1,pk-host4-to-host1-#129,-1
+1.08064e+09ns,host3,pk-host4-to-host1-#449,1
+1.09264e+09ns,host1,pk-host0-to-host1-#450,-1
+1.09264e+09ns,host2,pk-host1-to-host2-#452,-1
+1.09264e+09ns,host1,pk-host2-to-host1-#454,-1
+1.09264e+09ns,host1,pk-host3-to-host1-#326,-1
+1.09264e+09ns,host3,pk-host4-to-host1-#458,1
+1.10464e+09ns,host1,pk-host0-to-host1-#451,-1
+1.10464e+09ns,host2,pk-host1-to-host2-#453,-1
+1.10464e+09ns,host1,pk-host2-to-host1-#455,-1
+1.10464e+09ns,host1,pk-host3-to-host1-#327,-1
+1.10464e+09ns,host3,pk-host4-to-host1-#459,1
+1.11664e+09ns,host1,pk-host0-to-host1-#460,-1
+1.11664e+09ns,host2,pk-host1-to-host2-#462,-1
+1.11664e+09ns,host1,pk-host2-to-host1-#464,-1
+1.11664e+09ns,host1,pk-host4-to-host1-#138,-1
+1.11664e+09ns,host3,pk-host4-to-host1-#468,1
+1.12864e+09ns,host1,pk-host0-to-host1-#461,-1
+1.12864e+09ns,host2,pk-host1-to-host2-#463,-1
+1.12864e+09ns,host1,pk-host2-to-host1-#465,-1
+1.12864e+09ns,host1,pk-host3-to-host1-#336,-1
+1.12864e+09ns,host3,pk-host4-to-host1-#469,1
+1.14064e+09ns,host1,pk-host0-to-host1-#470,-1
+1.14064e+09ns,host2,pk-host1-to-host2-#472,-1
+1.14064e+09ns,host1,pk-host2-to-host1-#474,-1
+1.14064e+09ns,host1,pk-host3-to-host1-#337,-1
+1.14064e+09ns,host3,pk-host4-to-host1-#478,1
+1.15264e+09ns,host1,pk-host0-to-host1-#471,-1
+1.15264e+09ns,host2,pk-host1-to-host2-#473,-1
+1.15264e+09ns,host1,pk-host2-to-host1-#475,-1
+1.15264e+09ns,host1,pk-host4-to-host1-#139,-1
+1.15264e+09ns,host3,pk-host4-to-host1-#479,1
+1.16464e+09ns,host1,pk-host0-to-host1-#480,-1
+1.16464e+09ns,host2,pk-host1-to-host2-#482,-1
+1.16464e+09ns,host1,pk-host2-to-host1-#484,-1
+1.16464e+09ns,host1,pk-host3-to-host1-#346,-1
+1.16464e+09ns,host3,pk-host4-to-host1-#488,1
+1.17664e+09ns,host1,pk-host0-to-host1-#481,-1
+1.17664e+09ns,host2,pk-host1-to-host2-#483,-1
+1.17664e+09ns,host1,pk-host2-to-host1-#485,-1
+1.17664e+09ns,host1,pk-host3-to-host1-#347,-1
+1.17664e+09ns,host3,pk-host4-to-host1-#489,1
+1.18864e+09ns,host1,pk-host0-to-host1-#490,-1
+1.18864e+09ns,host2,pk-host1-to-host2-#492,-1
+1.18864e+09ns,host1,pk-host2-to-host1-#494,-1
+1.18864e+09ns,host1,pk-host4-to-host1-#148,-1
+1.18864e+09ns,host3,pk-host4-to-host1-#498,1
+1.20064e+09ns,host1,pk-host0-to-host1-#491,-1
+1.20064e+09ns,host2,pk-host1-to-host2-#493,-1
+1.20064e+09ns,host1,pk-host2-to-host1-#495,-1
+1.20064e+09ns,host1,pk-host3-to-host1-#356,-1
+1.20064e+09ns,host3,pk-host4-to-host1-#499,1
+1.21264e+09ns,host1,pk-host0-to-host1-#500,-1
+1.21264e+09ns,host2,pk-host1-to-host2-#502,-1
+1.21264e+09ns,host1,pk-host2-to-host1-#504,-1
+1.21264e+09ns,host1,pk-host3-to-host1-#357,-1
+1.21264e+09ns,host3,pk-host4-to-host1-#508,1
+1.22464e+09ns,host1,pk-host0-to-host1-#501,-1
+1.22464e+09ns,host2,pk-host1-to-host2-#503,-1
+1.22464e+09ns,host1,pk-host2-to-host1-#505,-1
+1.22464e+09ns,host1,pk-host3-to-host1-#366,-1
+1.22464e+09ns,host3,pk-host4-to-host1-#509,1
+1.23664e+09ns,host1,pk-host0-to-host1-#510,-1
+1.23664e+09ns,host2,pk-host1-to-host2-#512,-1
+1.23664e+09ns,host1,pk-host2-to-host1-#514,-1
+1.23664e+09ns,host1,pk-host3-to-host1-#367,-1
+1.23664e+09ns,host3,pk-host4-to-host1-#518,1
+1.24864e+09ns,host1,pk-host0-to-host1-#511,-1
+1.24864e+09ns,host2,pk-host1-to-host2-#513,-1
+1.24864e+09ns,host1,pk-host2-to-host1-#515,-1
+1.24864e+09ns,host1,pk-host4-to-host1-#149,-1
+1.24864e+09ns,host3,pk-host4-to-host1-#519,1
+1.26064e+09ns,host1,pk-host0-to-host1-#520,-1
+1.26064e+09ns,host2,pk-host1-to-host2-#522,-1
+1.26064e+09ns,host1,pk-host2-to-host1-#524,-1
+1.26064e+09ns,host1,pk-host3-to-host1-#376,-1
+1.26064e+09ns,host3,pk-host4-to-host1-#528,1
+1.27264e+09ns,host1,pk-host0-to-host1-#521,-1
+1.27264e+09ns,host2,pk-host1-to-host2-#523,-1
+1.27264e+09ns,host1,pk-host2-to-host1-#525,-1
+1.27264e+09ns,host1,pk-host3-to-host1-#377,-1
+1.27264e+09ns,host3,pk-host4-to-host1-#529,1
+1.28464e+09ns,host1,pk-host0-to-host1-#530,-1
+1.28464e+09ns,host2,pk-host1-to-host2-#532,-1
+1.28464e+09ns,host1,pk-host2-to-host1-#534,-1
+1.28464e+09ns,host1,pk-host4-to-host1-#158,-1
+1.28464e+09ns,host3,pk-host4-to-host1-#538,1
+1.29664e+09ns,host1,pk-host0-to-host1-#531,-1
+1.29664e+09ns,host2,pk-host1-to-host2-#533,-1
+1.29664e+09ns,host1,pk-host2-to-host1-#535,-1
+1.29664e+09ns,host1,pk-host3-to-host1-#386,-1
+1.29664e+09ns,host3,pk-host4-to-host1-#539,1
+1.30864e+09ns,host1,pk-host0-to-host1-#540,-1
+1.30864e+09ns,host2,pk-host1-to-host2-#542,-1
+1.30864e+09ns,host1,pk-host2-to-host1-#544,-1
+1.30864e+09ns,host1,pk-host3-to-host1-#387,-1
+1.30864e+09ns,host3,pk-host4-to-host1-#548,1
+1.32064e+09ns,host1,pk-host0-to-host1-#541,-1
+1.32064e+09ns,host2,pk-host1-to-host2-#543,-1
+1.32064e+09ns,host1,pk-host2-to-host1-#545,-1
+1.32064e+09ns,host1,pk-host4-to-host1-#159,-1
+1.32064e+09ns,host3,pk-host4-to-host1-#549,1
+1.33264e+09ns,host1,pk-host0-to-host1-#550,-1
+1.33264e+09ns,host2,pk-host1-to-host2-#552,-1
+1.33264e+09ns,host1,pk-host2-to-host1-#554,-1
+1.33264e+09ns,host1,pk-host3-to-host1-#396,-1
+1.33264e+09ns,host3,pk-host4-to-host1-#558,1
+1.34464e+09ns,host1,pk-host0-to-host1-#551,-1
+1.34464e+09ns,host2,pk-host1-to-host2-#553,-1
+1.34464e+09ns,host1,pk-host2-to-host1-#555,-1
+1.34464e+09ns,host1,pk-host3-to-host1-#397,-1
+1.34464e+09ns,host3,pk-host4-to-host1-#559,1
+1.35664e+09ns,host1,pk-host0-to-host1-#560,-1
+1.35664e+09ns,host2,pk-host1-to-host2-#562,-1
+1.35664e+09ns,host1,pk-host2-to-host1-#564,-1
+1.35664e+09ns,host1,pk-host4-to-host1-#168,-1
+1.35664e+09ns,host3,pk-host4-to-host1-#568,1
+1.36864e+09ns,host1,pk-host0-to-host1-#561,-1
+1.36864e+09ns,host2,pk-host1-to-host2-#563,-1
+1.36864e+09ns,host1,pk-host2-to-host1-#565,-1
+1.36864e+09ns,host1,pk-host3-to-host1-#406,-1
+1.36864e+09ns,host3,pk-host4-to-host1-#569,1
+1.38064e+09ns,host1,pk-host0-to-host1-#570,-1
+1.38064e+09ns,host2,pk-host1-to-host2-#572,-1
+1.38064e+09ns,host1,pk-host2-to-host1-#574,-1
+1.38064e+09ns,host1,pk-host3-to-host1-#407,-1
+1.38064e+09ns,host3,pk-host4-to-host1-#578,1
+1.39264e+09ns,host1,pk-host0-to-host1-#571,-1
+1.39264e+09ns,host2,pk-host1-to-host2-#573,-1
+1.39264e+09ns,host1,pk-host2-to-host1-#575,-1
+1.39264e+09ns,host1,pk-host4-to-host1-#169,-1
+1.39264e+09ns,host3,pk-host4-to-host1-#579,1
+1.40464e+09ns,host1,pk-host0-to-host1-#580,-1
+1.40464e+09ns,host2,pk-host1-to-host2-#582,-1
+1.40464e+09ns,host1,pk-host2-to-host1-#584,-1
+1.40464e+09ns,host1,pk-host3-to-host1-#416,-1
+1.40464e+09ns,host3,pk-host4-to-host1-#588,1
+1.41664e+09ns,host1,pk-host0-to-host1-#581,-1
+1.41664e+09ns,host2,pk-host1-to-host2-#583,-1
+1.41664e+09ns,host1,pk-host2-to-host1-#585,-1
+1.41664e+09ns,host1,pk-host3-to-host1-#417,-1
+1.41664e+09ns,host3,pk-host4-to-host1-#589,1
+1.42864e+09ns,host1,pk-host0-to-host1-#590,-1
+1.42864e+09ns,host2,pk-host1-to-host2-#592,-1
+1.42864e+09ns,host1,pk-host2-to-host1-#594,-1
+1.42864e+09ns,host1,pk-host3-to-host1-#426,-1
+1.42864e+09ns,host3,pk-host4-to-host1-#598,1
+1.44064e+09ns,host1,pk-host0-to-host1-#591,-1
+1.44064e+09ns,host2,pk-host1-to-host2-#593,-1
+1.44064e+09ns,host1,pk-host2-to-host1-#595,-1
+1.44064e+09ns,host1,pk-host3-to-host1-#427,-1
+1.44064e+09ns,host3,pk-host4-to-host1-#599,1
+1.45264e+09ns,host1,pk-host0-to-host1-#600,-1
+1.45264e+09ns,host2,pk-host1-to-host2-#602,-1
+1.45264e+09ns,host1,pk-host2-to-host1-#604,-1
+1.45264e+09ns,host1,pk-host4-to-host1-#178,-1
+1.45264e+09ns,host3,pk-host4-to-host1-#608,1
+1.46464e+09ns,host1,pk-host0-to-host1-#601,-1
+1.46464e+09ns,host2,pk-host1-to-host2-#603,-1
+1.46464e+09ns,host1,pk-host2-to-host1-#605,-1
+1.46464e+09ns,host1,pk-host3-to-host1-#436,-1
+1.46464e+09ns,host3,pk-host4-to-host1-#609,1
+1.47664e+09ns,host1,pk-host0-to-host1-#610,-1
+1.47664e+09ns,host2,pk-host1-to-host2-#612,-1
+1.47664e+09ns,host1,pk-host2-to-host1-#614,-1
+1.47664e+09ns,host1,pk-host3-to-host1-#437,-1
+1.47664e+09ns,host3,pk-host4-to-host1-#618,1
+1.48864e+09ns,host1,pk-host0-to-host1-#611,-1
+1.48864e+09ns,host2,pk-host1-to-host2-#613,-1
+1.48864e+09ns,host1,pk-host2-to-host1-#615,-1
+1.48864e+09ns,host1,pk-host4-to-host1-#179,-1
+1.48864e+09ns,host3,pk-host4-to-host1-#619,1
+1.50064e+09ns,host1,pk-host0-to-host1-#620,-1
+1.50064e+09ns,host2,pk-host1-to-host2-#622,-1
+1.50064e+09ns,host1,pk-host2-to-host1-#624,-1
+1.50064e+09ns,host1,pk-host3-to-host1-#446,-1
+1.50064e+09ns,host3,pk-host4-to-host1-#628,1
+1.51264e+09ns,host1,pk-host0-to-host1-#621,-1
+1.51264e+09ns,host2,pk-host1-to-host2-#623,-1
+1.51264e+09ns,host1,pk-host2-to-host1-#625,-1
+1.51264e+09ns,host1,pk-host3-to-host1-#447,-1
+1.51264e+09ns,host3,pk-host4-to-host1-#629,1
+1.52464e+09ns,host1,pk-host0-to-host1-#630,-1
+1.52464e+09ns,host2,pk-host1-to-host2-#632,-1
+1.52464e+09ns,host1,pk-host2-to-host1-#634,-1
+1.52464e+09ns,host1,pk-host4-to-host1-#188,-1
+1.52464e+09ns,host3,pk-host4-to-host1-#638,1
+1.53664e+09ns,host1,pk-host0-to-host1-#631,-1
+1.53664e+09ns,host2,pk-host1-to-host2-#633,-1
+1.53664e+09ns,host1,pk-host2-to-host1-#635,-1
+1.53664e+09ns,host1,pk-host3-to-host1-#456,-1
+1.53664e+09ns,host3,pk-host4-to-host1-#639,1
+1.54864e+09ns,host1,pk-host0-to-host1-#640,-1
+1.54864e+09ns,host2,pk-host1-to-host2-#642,-1
+1.54864e+09ns,host1,pk-host2-to-host1-#644,-1
+1.54864e+09ns,host1,pk-host3-to-host1-#457,-1
+1.54864e+09ns,host3,pk-host4-to-host1-#648,1
+1.56064e+09ns,host1,pk-host0-to-host1-#641,-1
+1.56064e+09ns,host2,pk-host1-to-host2-#643,-1
+1.56064e+09ns,host1,pk-host2-to-host1-#645,-1
+1.56064e+09ns,host1,pk-host4-to-host1-#189,-1
+1.56064e+09ns,host3,pk-host4-to-host1-#649,1
+1.57264e+09ns,host1,pk-host0-to-host1-#650,-1
+1.57264e+09ns,host2,pk-host1-to-host2-#652,-1
+1.57264e+09ns,host1,pk-host2-to-host1-#654,-1
+1.57264e+09ns,host1,pk-host3-to-host1-#466,-1
+1.57264e+09ns,host3,pk-host4-to-host1-#658,1
+1.58464e+09ns,host1,pk-host0-to-host1-#651,-1
+1.58464e+09ns,host2,pk-host1-to-host2-#653,-1
+1.58464e+09ns,host1,pk-host2-to-host1-#655,-1
+1.58464e+09ns,host1,pk-host3-to-host1-#467,-1
+1.58464e+09ns,host3,pk-host4-to-host1-#659,1
+1.59664e+09ns,host1,pk-host0-to-host1-#660,-1
+1.59664e+09ns,host2,pk-host1-to-host2-#662,-1
+1.59664e+09ns,host1,pk-host2-to-host1-#664,-1
+1.59664e+09ns,host1,pk-host4-to-host1-#198,-1
+1.59664e+09ns,host3,pk-host4-to-host1-#668,1
+1.60864e+09ns,host1,pk-host0-to-host1-#661,-1
+1.60864e+09ns,host2,pk-host1-to-host2-#663,-1
+1.60864e+09ns,host1,pk-host2-to-host1-#665,-1
+1.60864e+09ns,host1,pk-host3-to-host1-#476,-1
+1.60864e+09ns,host3,pk-host4-to-host1-#669,1
+1.62064e+09ns,host1,pk-host0-to-host1-#670,-1
+1.62064e+09ns,host2,pk-host1-to-host2-#672,-1
+1.62064e+09ns,host1,pk-host2-to-host1-#674,-1
+1.62064e+09ns,host1,pk-host3-to-host1-#477,-1
+1.62064e+09ns,host3,pk-host4-to-host1-#678,1
+1.63264e+09ns,host1,pk-host0-to-host1-#671,-1
+1.63264e+09ns,host2,pk-host1-to-host2-#673,-1
+1.63264e+09ns,host1,pk-host2-to-host1-#675,-1
+1.63264e+09ns,host1,pk-host3-to-host1-#486,-1
+1.63264e+09ns,host3,pk-host4-to-host1-#679,1
+1.64464e+09ns,host1,pk-host0-to-host1-#680,-1
+1.64464e+09ns,host2,pk-host1-to-host2-#682,-1
+1.64464e+09ns,host1,pk-host2-to-host1-#684,-1
+1.64464e+09ns,host1,pk-host3-to-host1-#487,-1
+1.64464e+09ns,host3,pk-host4-to-host1-#688,1
+1.65664e+09ns,host1,pk-host0-to-host1-#681,-1
+1.65664e+09ns,host2,pk-host1-to-host2-#683,-1
+1.65664e+09ns,host1,pk-host2-to-host1-#685,-1
+1.65664e+09ns,host1,pk-host4-to-host1-#199,-1
+1.65664e+09ns,host3,pk-host4-to-host1-#689,1
+1.66864e+09ns,host1,pk-host0-to-host1-#690,-1
+1.66864e+09ns,host2,pk-host1-to-host2-#692,-1
+1.66864e+09ns,host1,pk-host2-to-host1-#694,-1
+1.66864e+09ns,host1,pk-host3-to-host1-#496,-1
+1.66864e+09ns,host3,pk-host4-to-host1-#698,1
+1.68064e+09ns,host1,pk-host0-to-host1-#691,-1
+1.68064e+09ns,host2,pk-host1-to-host2-#693,-1
+1.68064e+09ns,host1,pk-host2-to-host1-#695,-1
+1.68064e+09ns,host1,pk-host3-to-host1-#497,-1
+1.68064e+09ns,host3,pk-host4-to-host1-#699,1
+1.69264e+09ns,host1,pk-host0-to-host1-#700,-1
+1.69264e+09ns,host2,pk-host1-to-host2-#702,-1
+1.69264e+09ns,host1,pk-host2-to-host1-#704,-1
+1.69264e+09ns,host1,pk-host4-to-host1-#208,-1
+1.69264e+09ns,host3,pk-host4-to-host1-#708,1
+1.70464e+09ns,host1,pk-host0-to-host1-#701,-1
+1.70464e+09ns,host2,pk-host1-to-host2-#703,-1
+1.70464e+09ns,host1,pk-host2-to-host1-#705,-1
+1.70464e+09ns,host1,pk-host3-to-host1-#506,-1
+1.70464e+09ns,host3,pk-host4-to-host1-#709,1
+1.71664e+09ns,host1,pk-host0-to-host1-#710,-1
+1.71664e+09ns,host2,pk-host1-to-host2-#712,-1
+1.71664e+09ns,host1,pk-host2-to-host1-#714,-1
+1.71664e+09ns,host1,pk-host4-to-host1-#209,-1
+1.71664e+09ns,host3,pk-host4-to-host1-#718,1
+1.72864e+09ns,host1,pk-host0-to-host1-#711,-1
+1.72864e+09ns,host2,pk-host1-to-host2-#713,-1
+1.72864e+09ns,host1,pk-host2-to-host1-#715,-1
+1.72864e+09ns,host1,pk-host4-to-host1-#218,-1
+1.72864e+09ns,host3,pk-host4-to-host1-#719,1
+1.74064e+09ns,host1,pk-host0-to-host1-#720,-1
+1.74064e+09ns,host2,pk-host1-to-host2-#722,-1
+1.74064e+09ns,host1,pk-host2-to-host1-#724,-1
+1.74064e+09ns,host1,pk-host4-to-host1-#219,-1
+1.74064e+09ns,host3,pk-host4-to-host1-#728,1
+1.75264e+09ns,host1,pk-host0-to-host1-#721,-1
+1.75264e+09ns,host2,pk-host1-to-host2-#723,-1
+1.75264e+09ns,host1,pk-host2-to-host1-#725,-1
+1.75264e+09ns,host1,pk-host3-to-host1-#546,-1
+1.75264e+09ns,host3,pk-host4-to-host1-#729,1
+1.76464e+09ns,host1,pk-host0-to-host1-#730,-1
+1.76464e+09ns,host2,pk-host1-to-host2-#732,-1
+1.76464e+09ns,host1,pk-host2-to-host1-#734,-1
+1.76464e+09ns,host1,pk-host4-to-host1-#229,-1
+1.76464e+09ns,host3,pk-host4-to-host1-#738,1
+1.77664e+09ns,host1,pk-host0-to-host1-#731,-1
+1.77664e+09ns,host2,pk-host1-to-host2-#733,-1
+1.77664e+09ns,host1,pk-host2-to-host1-#735,-1
+1.77664e+09ns,host1,pk-host4-to-host1-#238,-1
+1.77664e+09ns,host3,pk-host4-to-host1-#739,1
+1.78864e+09ns,host1,pk-host0-to-host1-#740,-1
+1.78864e+09ns,host2,pk-host1-to-host2-#742,-1
+1.78864e+09ns,host1,pk-host2-to-host1-#744,-1
+1.78864e+09ns,host1,pk-host4-to-host1-#239,-1
+1.78864e+09ns,host3,pk-host4-to-host1-#748,1
+1.80064e+09ns,host1,pk-host0-to-host1-#741,-1
+1.80064e+09ns,host2,pk-host1-to-host2-#743,-1
+1.80064e+09ns,host1,pk-host2-to-host1-#745,-1
+1.80064e+09ns,host1,pk-host4-to-host1-#248,-1
+1.80064e+09ns,host3,pk-host4-to-host1-#749,1
+1.81264e+09ns,host1,pk-host0-to-host1-#750,-1
+1.81264e+09ns,host2,pk-host1-to-host2-#752,-1
+1.81264e+09ns,host1,pk-host2-to-host1-#754,-1
+1.81264e+09ns,host1,pk-host3-to-host1-#606,-1
+1.81264e+09ns,host3,pk-host4-to-host1-#758,1
+1.82464e+09ns,host1,pk-host0-to-host1-#751,-1
+1.82464e+09ns,host2,pk-host1-to-host2-#753,-1
+1.82464e+09ns,host1,pk-host2-to-host1-#755,-1
+1.82464e+09ns,host1,pk-host4-to-host1-#258,-1
+1.82464e+09ns,host3,pk-host4-to-host1-#759,1
+1.83664e+09ns,host1,pk-host0-to-host1-#760,-1
+1.83664e+09ns,host2,pk-host1-to-host2-#762,-1
+1.83664e+09ns,host1,pk-host2-to-host1-#764,-1
+1.83664e+09ns,host1,pk-host4-to-host1-#259,-1
+1.83664e+09ns,host3,pk-host4-to-host1-#768,1
+1.84864e+09ns,host1,pk-host0-to-host1-#761,-1
+1.84864e+09ns,host2,pk-host1-to-host2-#763,-1
+1.84864e+09ns,host1,pk-host2-to-host1-#765,-1
+1.84864e+09ns,host1,pk-host4-to-host1-#268,-1
+1.84864e+09ns,host3,pk-host4-to-host1-#769,1
+1.86064e+09ns,host1,pk-host0-to-host1-#770,-1
+1.86064e+09ns,host2,pk-host1-to-host2-#772,-1
+1.86064e+09ns,host1,pk-host2-to-host1-#774,-1
+1.86064e+09ns,host1,pk-host4-to-host1-#269,-1
+1.86064e+09ns,host3,pk-host4-to-host1-#778,1
+1.87264e+09ns,host1,pk-host0-to-host1-#771,-1
+1.87264e+09ns,host2,pk-host1-to-host2-#773,-1
+1.87264e+09ns,host1,pk-host2-to-host1-#775,-1
+1.87264e+09ns,host1,pk-host3-to-host1-#666,-1
+1.87264e+09ns,host3,pk-host4-to-host1-#779,1
+1.88464e+09ns,host1,pk-host0-to-host1-#780,-1
+1.88464e+09ns,host2,pk-host1-to-host2-#782,-1
+1.88464e+09ns,host1,pk-host2-to-host1-#784,-1
+1.88464e+09ns,host1,pk-host4-to-host1-#279,-1
+1.88464e+09ns,host3,pk-host4-to-host1-#788,1
+1.89664e+09ns,host1,pk-host0-to-host1-#781,-1
+1.89664e+09ns,host2,pk-host1-to-host2-#783,-1
+1.89664e+09ns,host1,pk-host2-to-host1-#785,-1
+1.89664e+09ns,host1,pk-host4-to-host1-#288,-1
+1.89664e+09ns,host3,pk-host4-to-host1-#789,1
+1.90864e+09ns,host1,pk-host0-to-host1-#790,-1
+1.90864e+09ns,host2,pk-host1-to-host2-#792,-1
+1.90864e+09ns,host1,pk-host2-to-host1-#794,-1
+1.90864e+09ns,host1,pk-host4-to-host1-#289,-1
+1.90864e+09ns,host3,pk-host4-to-host1-#798,1
+1.92064e+09ns,host1,pk-host0-to-host1-#791,-1
+1.92064e+09ns,host2,pk-host1-to-host2-#793,-1
+1.92064e+09ns,host1,pk-host2-to-host1-#795,-1
+1.92064e+09ns,host1,pk-host4-to-host1-#298,-1
+1.92064e+09ns,host3,pk-host4-to-host1-#799,1
+1.93264e+09ns,host1,pk-host0-to-host1-#800,-1
+1.93264e+09ns,host2,pk-host1-to-host2-#802,-1
+1.93264e+09ns,host1,pk-host2-to-host1-#804,-1
+1.93264e+09ns,host1,pk-host3-to-host1-#726,-1
+1.93264e+09ns,host3,pk-host4-to-host1-#808,1
+1.94464e+09ns,host1,pk-host0-to-host1-#801,-1
+1.94464e+09ns,host2,pk-host1-to-host2-#803,-1
+1.94464e+09ns,host1,pk-host2-to-host1-#805,-1
+1.94464e+09ns,host1,pk-host4-to-host1-#308,-1
+1.94464e+09ns,host3,pk-host4-to-host1-#809,1
+1.95664e+09ns,host1,pk-host0-to-host1-#810,-1
+1.95664e+09ns,host2,pk-host1-to-host2-#812,-1
+1.95664e+09ns,host1,pk-host2-to-host1-#814,-1
+1.95664e+09ns,host1,pk-host4-to-host1-#309,-1
+1.95664e+09ns,host3,pk-host4-to-host1-#818,1
+1.96864e+09ns,host1,pk-host0-to-host1-#811,-1
+1.96864e+09ns,host2,pk-host1-to-host2-#813,-1
+1.96864e+09ns,host1,pk-host2-to-host1-#815,-1
+1.96864e+09ns,host1,pk-host4-to-host1-#318,-1
+1.96864e+09ns,host3,pk-host4-to-host1-#819,1
+1.98064e+09ns,host1,pk-host0-to-host1-#820,-1
+1.98064e+09ns,host2,pk-host1-to-host2-#822,-1
+1.98064e+09ns,host1,pk-host2-to-host1-#824,-1
+1.98064e+09ns,host1,pk-host4-to-host1-#319,-1
+1.98064e+09ns,host3,pk-host4-to-host1-#828,1
+1.99264e+09ns,host1,pk-host0-to-host1-#821,-1
+1.99264e+09ns,host2,pk-host1-to-host2-#823,-1
+1.99264e+09ns,host1,pk-host2-to-host1-#825,-1
+1.99264e+09ns,host1,pk-host3-to-host1-#786,-1
+1.99264e+09ns,host3,pk-host4-to-host1-#829,1
+2.00464e+09ns,host1,pk-host0-to-host1-#830,-1
+2.00464e+09ns,host2,pk-host1-to-host2-#832,-1
+2.00464e+09ns,host1,pk-host2-to-host1-#834,-1
+2.00464e+09ns,host1,pk-host4-to-host1-#329,-1
+2.00464e+09ns,host3,pk-host4-to-host1-#838,1
+2.01664e+09ns,host1,pk-host0-to-host1-#831,-1
+2.01664e+09ns,host2,pk-host1-to-host2-#833,-1
+2.01664e+09ns,host1,pk-host2-to-host1-#835,-1
+2.01664e+09ns,host1,pk-host4-to-host1-#338,-1
+2.01664e+09ns,host3,pk-host4-to-host1-#839,1
+2.02864e+09ns,host1,pk-host0-to-host1-#840,-1
+2.02864e+09ns,host2,pk-host1-to-host2-#842,-1
+2.02864e+09ns,host1,pk-host2-to-host1-#844,-1
+2.02864e+09ns,host1,pk-host4-to-host1-#339,-1
+2.02864e+09ns,host3,pk-host4-to-host1-#848,1
+2.04064e+09ns,host1,pk-host0-to-host1-#841,-1
+2.04064e+09ns,host2,pk-host1-to-host2-#843,-1
+2.04064e+09ns,host1,pk-host2-to-host1-#845,-1
+2.04064e+09ns,host1,pk-host4-to-host1-#348,-1
+2.04064e+09ns,host3,pk-host4-to-host1-#849,1
+2.05264e+09ns,host1,pk-host0-to-host1-#850,-1
+2.05264e+09ns,host2,pk-host1-to-host2-#852,-1
+2.05264e+09ns,host1,pk-host2-to-host1-#854,-1
+2.05264e+09ns,host1,pk-host3-to-host1-#846,-1
+2.05264e+09ns,host3,pk-host4-to-host1-#858,1
+2.06464e+09ns,host1,pk-host0-to-host1-#860,-1
+2.06464e+09ns,host2,pk-host1-to-host2-#862,-1
+2.06464e+09ns,host1,pk-host2-to-host1-#864,-1
+2.06464e+09ns,host1,pk-host4-to-host1-#358,-1
+2.06464e+09ns,host3,pk-host4-to-host1-#868,1
+2.07664e+09ns,host1,pk-host0-to-host1-#870,-1
+2.07664e+09ns,host2,pk-host1-to-host2-#872,-1
+2.07664e+09ns,host1,pk-host2-to-host1-#874,-1
+2.07664e+09ns,host1,pk-host4-to-host1-#359,-1
+2.07664e+09ns,host3,pk-host4-to-host1-#878,1
+2.08864e+09ns,host1,pk-host0-to-host1-#880,-1
+2.08864e+09ns,host2,pk-host1-to-host2-#882,-1
+2.08864e+09ns,host1,pk-host2-to-host1-#884,-1
+2.08864e+09ns,host1,pk-host4-to-host1-#368,-1
+2.08864e+09ns,host3,pk-host4-to-host1-#888,1
+2.10064e+09ns,host1,pk-host0-to-host1-#890,-1
+2.10064e+09ns,host2,pk-host1-to-host2-#892,-1
+2.10064e+09ns,host1,pk-host2-to-host1-#894,-1
+2.10064e+09ns,host1,pk-host4-to-host1-#369,-1
+2.10064e+09ns,host3,pk-host4-to-host1-#898,1
+2.11264e+09ns,host1,pk-host0-to-host1-#900,-1
+2.11264e+09ns,host2,pk-host1-to-host2-#902,-1
+2.11264e+09ns,host1,pk-host2-to-host1-#904,-1
+2.11264e+09ns,host1,pk-host3-to-host1-#906,-1
+2.11264e+09ns,host3,pk-host4-to-host1-#908,1
+2.12464e+09ns,host1,pk-host0-to-host1-#920,-1
+2.12464e+09ns,host2,pk-host1-to-host2-#922,-1
+2.12464e+09ns,host1,pk-host2-to-host1-#924,-1
+2.12464e+09ns,host1,pk-host4-to-host1-#379,-1
+2.12464e+09ns,host3,pk-host4-to-host1-#928,1
+2.13664e+09ns,host1,pk-host0-to-host1-#930,-1
+2.13664e+09ns,host2,pk-host1-to-host2-#932,-1
+2.13664e+09ns,host1,pk-host2-to-host1-#934,-1
+2.13664e+09ns,host1,pk-host4-to-host1-#388,-1
+2.13664e+09ns,host3,pk-host4-to-host1-#938,1
+2.14864e+09ns,host1,pk-host0-to-host1-#940,-1
+2.14864e+09ns,host2,pk-host1-to-host2-#942,-1
+2.14864e+09ns,host1,pk-host2-to-host1-#944,-1
+2.14864e+09ns,host1,pk-host4-to-host1-#389,-1
+2.14864e+09ns,host3,pk-host4-to-host1-#948,1
+2.16064e+09ns,host1,pk-host0-to-host1-#950,-1
+2.16064e+09ns,host2,pk-host1-to-host2-#952,-1
+2.16064e+09ns,host1,pk-host2-to-host1-#954,-1
+2.16064e+09ns,host1,pk-host4-to-host1-#398,-1
+2.16064e+09ns,host3,pk-host4-to-host1-#958,1
+2.17264e+09ns,host1,pk-host0-to-host1-#960,-1
+2.17264e+09ns,host2,pk-host1-to-host2-#962,-1
+2.17264e+09ns,host1,pk-host2-to-host1-#964,-1
+2.17264e+09ns,host1,pk-host3-to-host1-#966,-1
+2.17264e+09ns,host3,pk-host4-to-host1-#968,1
+2.18464e+09ns,host1,pk-host0-to-host1-#980,-1
+2.18464e+09ns,host2,pk-host1-to-host2-#982,-1
+2.18464e+09ns,host1,pk-host2-to-host1-#984,-1
+2.18464e+09ns,host1,pk-host4-to-host1-#408,-1
+2.18464e+09ns,host3,pk-host4-to-host1-#988,1
+2.19664e+09ns,host1,pk-host0-to-host1-#990,-1
+2.19664e+09ns,host2,pk-host1-to-host2-#992,-1
+2.19664e+09ns,host1,pk-host2-to-host1-#994,-1
+2.19664e+09ns,host1,pk-host4-to-host1-#409,-1
+2.19664e+09ns,host3,pk-host4-to-host1-#998,1
+2.20864e+09ns,host1,pk-host0-to-host1-#1000,-1
+2.20864e+09ns,host2,pk-host1-to-host2-#1002,-1
+2.20864e+09ns,host1,pk-host2-to-host1-#1004,-1
+2.20864e+09ns,host1,pk-host4-to-host1-#418,-1
+2.20864e+09ns,host3,pk-host4-to-host1-#1008,1
+2.22064e+09ns,host1,pk-host4-to-host1-#419,-1
+2.23264e+09ns,host1,pk-host4-to-host1-#428,-1
+2.24464e+09ns,host1,pk-host4-to-host1-#429,-1
+2.25664e+09ns,host1,pk-host4-to-host1-#438,-1
+2.26864e+09ns,host1,pk-host4-to-host1-#439,-1
+2.28064e+09ns,host1,pk-host4-to-host1-#448,-1
+2.29264e+09ns,host1,pk-host4-to-host1-#449,-1
+2.30464e+09ns,host1,pk-host4-to-host1-#458,-1
+2.31664e+09ns,host1,pk-host4-to-host1-#459,-1
+2.32864e+09ns,host1,pk-host4-to-host1-#468,-1
+2.34064e+09ns,host1,pk-host4-to-host1-#469,-1
+2.35264e+09ns,host1,pk-host4-to-host1-#478,-1
+2.36464e+09ns,host1,pk-host4-to-host1-#479,-1
+2.37664e+09ns,host1,pk-host4-to-host1-#488,-1
+2.38864e+09ns,host1,pk-host4-to-host1-#489,-1
+2.40064e+09ns,host1,pk-host4-to-host1-#498,-1
+2.41264e+09ns,host1,pk-host4-to-host1-#499,-1
+2.42464e+09ns,host1,pk-host4-to-host1-#508,-1
+2.43664e+09ns,host1,pk-host4-to-host1-#509,-1
+2.44864e+09ns,host1,pk-host4-to-host1-#518,-1
+2.46064e+09ns,host1,pk-host4-to-host1-#519,-1
+2.47264e+09ns,host1,pk-host4-to-host1-#528,-1
+2.48464e+09ns,host1,pk-host4-to-host1-#529,-1
+2.49664e+09ns,host1,pk-host4-to-host1-#538,-1
+2.50864e+09ns,host1,pk-host4-to-host1-#539,-1
+2.52064e+09ns,host1,pk-host4-to-host1-#548,-1
+2.53264e+09ns,host1,pk-host4-to-host1-#549,-1
+2.54464e+09ns,host1,pk-host4-to-host1-#558,-1
+2.55664e+09ns,host1,pk-host4-to-host1-#559,-1
+2.56864e+09ns,host1,pk-host4-to-host1-#568,-1
+2.58064e+09ns,host1,pk-host4-to-host1-#569,-1
+2.59264e+09ns,host1,pk-host4-to-host1-#578,-1
+2.60464e+09ns,host1,pk-host4-to-host1-#579,-1
+2.61664e+09ns,host1,pk-host4-to-host1-#588,-1
+2.62864e+09ns,host1,pk-host4-to-host1-#589,-1
+2.64064e+09ns,host1,pk-host4-to-host1-#598,-1
+2.65264e+09ns,host1,pk-host4-to-host1-#599,-1
+2.66464e+09ns,host1,pk-host4-to-host1-#608,-1
+2.67664e+09ns,host1,pk-host4-to-host1-#609,-1
+2.68864e+09ns,host1,pk-host4-to-host1-#618,-1
+2.70064e+09ns,host1,pk-host4-to-host1-#619,-1
+2.71264e+09ns,host1,pk-host4-to-host1-#628,-1
+2.72464e+09ns,host1,pk-host4-to-host1-#629,-1
+2.73664e+09ns,host1,pk-host4-to-host1-#638,-1
+2.74864e+09ns,host1,pk-host4-to-host1-#639,-1
+2.76064e+09ns,host1,pk-host4-to-host1-#648,-1
+2.77264e+09ns,host1,pk-host4-to-host1-#649,-1
+2.78464e+09ns,host1,pk-host4-to-host1-#658,-1
+2.79664e+09ns,host1,pk-host4-to-host1-#659,-1
+2.80864e+09ns,host1,pk-host4-to-host1-#668,-1
+2.82064e+09ns,host1,pk-host4-to-host1-#669,-1
+2.83264e+09ns,host1,pk-host4-to-host1-#678,-1
+2.84464e+09ns,host1,pk-host4-to-host1-#679,-1
+2.85664e+09ns,host1,pk-host4-to-host1-#688,-1
+2.86864e+09ns,host1,pk-host4-to-host1-#689,-1
+2.88064e+09ns,host1,pk-host4-to-host1-#698,-1
+2.89264e+09ns,host1,pk-host4-to-host1-#699,-1
+2.90464e+09ns,host1,pk-host4-to-host1-#708,-1
+2.91664e+09ns,host1,pk-host4-to-host1-#709,-1
+2.92864e+09ns,host1,pk-host4-to-host1-#718,-1
+2.94064e+09ns,host1,pk-host4-to-host1-#719,-1
+2.95264e+09ns,host1,pk-host4-to-host1-#728,-1
+2.96464e+09ns,host1,pk-host4-to-host1-#729,-1
+2.97664e+09ns,host1,pk-host4-to-host1-#738,-1
+2.98864e+09ns,host1,pk-host4-to-host1-#739,-1
+3.00064e+09ns,host1,pk-host4-to-host1-#748,-1
+3.01264e+09ns,host1,pk-host4-to-host1-#749,-1
+3.02464e+09ns,host1,pk-host4-to-host1-#758,-1
+3.03664e+09ns,host1,pk-host4-to-host1-#759,-1
+3.04864e+09ns,host1,pk-host4-to-host1-#768,-1
+3.06064e+09ns,host1,pk-host4-to-host1-#769,-1
+3.07264e+09ns,host1,pk-host4-to-host1-#778,-1
+3.08464e+09ns,host1,pk-host4-to-host1-#779,-1
+3.09664e+09ns,host1,pk-host4-to-host1-#788,-1
+3.10864e+09ns,host1,pk-host4-to-host1-#789,-1
+3.12064e+09ns,host1,pk-host4-to-host1-#798,-1
+3.13264e+09ns,host1,pk-host4-to-host1-#799,-1
+3.14464e+09ns,host1,pk-host4-to-host1-#808,-1
+3.15664e+09ns,host1,pk-host4-to-host1-#809,-1
+3.16864e+09ns,host1,pk-host4-to-host1-#818,-1
+3.18064e+09ns,host1,pk-host4-to-host1-#819,-1
+3.19264e+09ns,host1,pk-host4-to-host1-#828,-1
+3.20464e+09ns,host1,pk-host4-to-host1-#829,-1
+3.21664e+09ns,host1,pk-host4-to-host1-#838,-1
+3.22864e+09ns,host1,pk-host4-to-host1-#839,-1
+3.24064e+09ns,host1,pk-host4-to-host1-#848,-1
+3.25264e+09ns,host1,pk-host4-to-host1-#849,-1
+3.26464e+09ns,host1,pk-host4-to-host1-#858,-1
+3.27664e+09ns,host1,pk-host4-to-host1-#868,-1
+3.28864e+09ns,host1,pk-host4-to-host1-#878,-1
+3.30064e+09ns,host1,pk-host4-to-host1-#888,-1
+3.31264e+09ns,host1,pk-host4-to-host1-#898,-1
+3.32464e+09ns,host1,pk-host4-to-host1-#908,-1
+3.33664e+09ns,host1,pk-host4-to-host1-#928,-1
+3.34864e+09ns,host1,pk-host4-to-host1-#938,-1
+3.36064e+09ns,host1,pk-host4-to-host1-#948,-1
+3.37264e+09ns,host1,pk-host4-to-host1-#958,-1
+3.38464e+09ns,host1,pk-host4-to-host1-#968,-1
+3.39664e+09ns,host1,pk-host4-to-host1-#988,-1
+3.40864e+09ns,host1,pk-host4-to-host1-#998,-1
+3.42064e+09ns,host1,pk-host4-to-host1-#1008,-1
